/*
 * zs_img_wordmark_pos - genereret af tools/png2lvgl.py. Ret ikke i haanden.
 * Kilde: brand-mappen. 260 x 53 pixels, 41340 bytes.
 */

#include "lvgl.h"

#ifndef LV_ATTRIBUTE_MEM_ALIGN
#define LV_ATTRIBUTE_MEM_ALIGN
#endif

static const LV_ATTRIBUTE_MEM_ALIGN uint8_t zs_img_wordmark_pos_map[] = {
    0x00,0x00,0x00,0x00,0x00,0x00,0x00,0x00,0x00,0x00,0x00,0x00,0x00,0x00,0x00,0x00,0x00,0x00,0x00,0x00,0x00,0x00,0x00,0x00,
    0x00,0x00,0x00,0x49,0x12,0x15,0x49,0x12,0x40,0x49,0x12,0x58,0x49,0x12,0x75,0x49,0x12,0x8c,0x49,0x12,0x9c,0x49,0x12,0xa0,
    0x49,0x12,0xa0,0x49,0x12,0xa0,0x49,0x12,0x92,0x49,0x12,0x7c,0x49,0x12,0x6c,0x49,0x12,0x40,0x49,0x12,0x10,0x00,0x00,0x00,
    0x00,0x00,0x00,0x00,0x00,0x00,0x00,0x00,0x00,0x00,0x00,0x00,0x00,0x00,0x00,0x00,0x00,0x00,0x00,0x00,0x00,0x00,0x00,0x00,
    0x00,0x00,0x00,0x00,0x00,0x00,0x00,0x00,0x00,0x00,0x00,0x00,0x00,0x00,0x00,0x00,0x00,0x00,0x00,0x00,0x00,0x00,0x00,0x00,
    0x00,0x00,0x00,0x00,0x00,0x00,0x00,0x00,0x00,0x00,0x00,0x00,0x00,0x00,0x00,0x00,0x00,0x00,0x00,0x00,0x00,0x00,0x00,0x00,
    0x00,0x00,0x00,0x00,0x00,0x00,0x00,0x00,0x00,0x00,0x00,0x00,0x00,0x00,0x00,0x00,0x00,0x00,0x00,0x00,0x00,0x00,0x00,0x00,
    0x00,0x00,0x00,0x00,0x00,0x00,0x00,0x00,0x00,0x00,0x00,0x00,0x00,0x00,0x00,0x00,0x00,0x00,0x00,0x00,0x00,0x00,0x00,0x00,
    0x00,0x00,0x00,0x00,0x00,0x00,0x00,0x00,0x00,0x00,0x00,0x00,0x00,0x00,0x00,0x00,0x00,0x00,0x00,0x00,0x00,0x00,0x00,0x00,
    0x00,0x00,0x00,0x00,0x00,0x00,0x00,0x00,0x00,0x00,0x00,0x00,0x00,0x00,0x00,0x00,0x00,0x00,0x00,0x00,0x00,0x00,0x00,0x00,
    0x00,0x00,0x00,0x00,0x00,0x00,0x00,0x00,0x00,0x00,0x00,0x00,0x00,0x00,0x00,0x00,0x00,0x00,0x49,0x12,0x18,0x49,0x12,0x50,
    0x49,0x12,0x8a,0x49,0x12,0xa0,0x49,0x12,0x98,0x49,0x12,0x7d,0x49,0x12,0x50,0x49,0x12,0x24,0x49,0x12,0x05,0x00,0x00,0x00,
    0x00,0x00,0x00,0x00,0x00,0x00,0x00,0x00,0x00,0x00,0x00,0x00,0x00,0x00,0x00,0x00,0x00,0x00,0x00,0x00,0x00,0x00,0x00,0x00,
    0x00,0x00,0x00,0x00,0x00,0x00,0x00,0x00,0x00,0x00,0x00,0x00,0x00,0x00,0x00,0x00,0x00,0x00,0x00,0x00,0x00,0x00,0x00,0x00,
    0x00,0x00,0x00,0x00,0x00,0x00,0x00,0x00,0x00,0x00,0x00,0x00,0x00,0x00,0x00,0x00,0x00,0x00,0x00,0x00,0x00,0x00,0x00,0x00,
    0x00,0x00,0x00,0x00,0x00,0x00,0x00,0x00,0x00,0x00,0x00,0x00,0x00,0x00,0x00,0x00,0x00,0x00,0x00,0x00,0x00,0x00,0x00,0x00,
    0x00,0x00,0x00,0x00,0x00,0x00,0x00,0x00,0x00,0x00,0x00,0x00,0x00,0x00,0x00,0x00,0x00,0x00,0x00,0x00,0x00,0x00,0x00,0x00,
    0x00,0x00,0x00,0x00,0x00,0x00,0x00,0x00,0x00,0x00,0x00,0x00,0x00,0x00,0x00,0x00,0x00,0x00,0x00,0x00,0x00,0x00,0x00,0x00,
    0x00,0x00,0x00,0x00,0x00,0x00,0x00,0x00,0x00,0x00,0x00,0x00,0x00,0x00,0x00,0x00,0x00,0x00,0x00,0x00,0x00,0x00,0x00,0x00,
    0x00,0x00,0x00,0x00,0x00,0x00,0x00,0x00,0x00,0x00,0x00,0x00,0x00,0x00,0x00,0x00,0x00,0x00,0x00,0x00,0x00,0x00,0x00,0x00,
    0x00,0x00,0x00,0x00,0x00,0x00,0x00,0x00,0x00,0x00,0x00,0x00,0x00,0x00,0x00,0x00,0x00,0x00,0x00,0x00,0x00,0x00,0x00,0x00,
    0x00,0x00,0x00,0x00,0x00,0x00,0x00,0x00,0x00,0x00,0x00,0x00,0x00,0x00,0x00,0x00,0x00,0x00,0x00,0x00,0x00,0x00,0x00,0x00,
    0x00,0x00,0x00,0x00,0x00,0x00,0x00,0x00,0x00,0x00,0x00,0x00,0x00,0x00,0x00,0x00,0x00,0x00,0x00,0x00,0x00,0x00,0x00,0x00,
    0x00,0x00,0x00,0x00,0x00,0x00,0x00,0x00,0x00,0x00,0x00,0x00,0x00,0x00,0x00,0x00,0x00,0x00,0x00,0x00,0x00,0x00,0x00,0x00,
    0x00,0x00,0x00,0x00,0x00,0x00,0x00,0x00,0x00,0x00,0x00,0x00,0x00,0x00,0x00,0x00,0x00,0x00,0x00,0x00,0x00,0x00,0x00,0x00,
    0x00,0x00,0x00,0x00,0x00,0x00,0x00,0x00,0x00,0x00,0x00,0x00,0x00,0x00,0x00,0x00,0x00,0x00,0x00,0x00,0x00,0x00,0x00,0x00,
    0x00,0x00,0x00,0x00,0x00,0x00,0x00,0x00,0x00,0x00,0x00,0x00,0x00,0x00,0x00,0x00,0x00,0x00,0x00,0x00,0x00,0x00,0x00,0x00,
    0x00,0x00,0x00,0x00,0x00,0x00,0x00,0x00,0x00,0x00,0x00,0x00,0x00,0x00,0x00,0x00,0x00,0x00,0x00,0x00,0x00,0x00,0x00,0x00,
    0x00,0x00,0x00,0x00,0x00,0x00,0x00,0x00,0x00,0x00,0x00,0x00,0x00,0x00,0x00,0x00,0x00,0x00,0x00,0x00,0x00,0x00,0x00,0x00,
    0x00,0x00,0x00,0x00,0x00,0x00,0x00,0x00,0x00,0x00,0x00,0x00,0x00,0x00,0x00,0x00,0x00,0x00,0x00,0x00,0x00,0x00,0x00,0x00,
    0x00,0x00,0x00,0x00,0x00,0x00,0x00,0x00,0x00,0x00,0x00,0x00,0x00,0x00,0x00,0x00,0x00,0x00,0x00,0x00,0x00,0x00,0x00,0x00,
    0x00,0x00,0x00,0x00,0x00,0x00,0x00,0x00,0x00,0x00,0x00,0x00,0x00,0x00,0x00,0x00,0x00,0x00,0x00,0x00,0x00,0x00,0x00,0x00,
    0x00,0x00,0x00,0x00,0x00,0x00,0x00,0x00,0x00,0x00,0x00,0x00,0x00,0x00,0x00,0x00,0x00,0x00,0x00,0x00,0x00,0x00,0x00,0x00,
    0x00,0x00,0x00,0x00,0x00,0x00,0x00,0x00,0x00,0x49,0x12,0x18,0x49,0x12,0x48,0x49,0x12,0x8a,0x49,0x12,0xc0,0x49,0x12,0xd8,
    0x49,0x12,0xf5,0x49,0x12,0xff,0x49,0x12,0xff,0x49,0x12,0xff,0x49,0x12,0xff,0x49,0x12,0xff,0x49,0x12,0xff,0x49,0x12,0xfb,
    0x49,0x12,0xec,0x49,0x12,0xc0,0x49,0x12,0x88,0x49,0x12,0x58,0x49,0x12,0x18,0x00,0x00,0x00,0x00,0x00,0x00,0x00,0x00,0x00,
    0x00,0x00,0x00,0x00,0x00,0x00,0x00,0x00,0x00,0x00,0x00,0x00,0x00,0x00,0x00,0x00,0x00,0x00,0x00,0x00,0x00,0x00,0x00,0x00,
    0x00,0x00,0x00,0x00,0x00,0x00,0x00,0x00,0x00,0x00,0x00,0x00,0x00,0x00,0x00,0x00,0x00,0x00,0x00,0x00,0x00,0x00,0x00,0x00,
    0x00,0x00,0x00,0x00,0x00,0x00,0x00,0x00,0x00,0x00,0x00,0x00,0x00,0x00,0x00,0x00,0x00,0x00,0x00,0x00,0x00,0x00,0x00,0x00,
    0x00,0x00,0x00,0x00,0x00,0x00,0x00,0x00,0x00,0x00,0x00,0x00,0x00,0x00,0x00,0x00,0x00,0x00,0x00,0x00,0x00,0x00,0x00,0x00,
    0x00,0x00,0x00,0x00,0x00,0x00,0x00,0x00,0x00,0x00,0x00,0x00,0x00,0x00,0x00,0x00,0x00,0x00,0x00,0x00,0x00,0x00,0x00,0x00,
    0x00,0x00,0x00,0x00,0x00,0x00,0x00,0x00,0x00,0x00,0x00,0x00,0x00,0x00,0x00,0x00,0x00,0x00,0x00,0x00,0x00,0x00,0x00,0x00,
    0x00,0x00,0x00,0x00,0x00,0x00,0x00,0x00,0x00,0x00,0x00,0x00,0x00,0x00,0x00,0x00,0x00,0x00,0x00,0x00,0x00,0x00,0x00,0x00,
    0x00,0x00,0x00,0x49,0x12,0x1b,0x49,0x12,0x80,0x49,0x12,0xd0,0x49,0x12,0xfa,0x49,0x12,0xff,0x49,0x12,0xff,0x49,0x12,0xf7,
    0x49,0x12,0xd0,0x49,0x12,0x84,0x49,0x12,0x1b,0x00,0x00,0x00,0x00,0x00,0x00,0x00,0x00,0x00,0x00,0x00,0x00,0x00,0x00,0x00,
    0x00,0x00,0x00,0x00,0x00,0x00,0x00,0x00,0x00,0x00,0x00,0x00,0x00,0x00,0x00,0x00,0x00,0x00,0x00,0x00,0x00,0x00,0x00,0x00,
    0x00,0x00,0x00,0x00,0x00,0x00,0x00,0x00,0x00,0x00,0x00,0x00,0x00,0x00,0x00,0x00,0x00,0x00,0x00,0x00,0x00,0x00,0x00,0x00,
    0x00,0x00,0x00,0x00,0x00,0x00,0x00,0x00,0x00,0x00,0x00,0x00,0x00,0x00,0x00,0x00,0x00,0x00,0x00,0x00,0x00,0x00,0x00,0x00,
    0x00,0x00,0x00,0x00,0x00,0x00,0x00,0x00,0x00,0x00,0x00,0x00,0x00,0x00,0x00,0x00,0x00,0x00,0x00,0x00,0x00,0x00,0x00,0x00,
    0x00,0x00,0x00,0x00,0x00,0x00,0x00,0x00,0x00,0x00,0x00,0x00,0x00,0x00,0x00,0x00,0x00,0x00,0x00,0x00,0x00,0x00,0x00,0x00,
    0x00,0x00,0x00,0x00,0x00,0x00,0x00,0x00,0x00,0x00,0x00,0x00,0x00,0x00,0x00,0x00,0x00,0x00,0x00,0x00,0x00,0x00,0x00,0x00,
    0x00,0x00,0x00,0x00,0x00,0x00,0x00,0x00,0x00,0x00,0x00,0x00,0x00,0x00,0x00,0x00,0x00,0x00,0x00,0x00,0x00,0x00,0x00,0x00,
    0x00,0x00,0x00,0x00,0x00,0x00,0x00,0x00,0x00,0x00,0x00,0x00,0x00,0x00,0x00,0x00,0x00,0x00,0x00,0x00,0x00,0x00,0x00,0x00,
    0x00,0x00,0x00,0x00,0x00,0x00,0x00,0x00,0x00,0x00,0x00,0x00,0x00,0x00,0x00,0x00,0x00,0x00,0x00,0x00,0x00,0x00,0x00,0x00,
    0x00,0x00,0x00,0x00,0x00,0x00,0x00,0x00,0x00,0x00,0x00,0x00,0x00,0x00,0x00,0x00,0x00,0x00,0x00,0x00,0x00,0x00,0x00,0x00,
    0x00,0x00,0x00,0x00,0x00,0x00,0x00,0x00,0x00,0x00,0x00,0x00,0x00,0x00,0x00,0x00,0x00,0x00,0x00,0x00,0x00,0x00,0x00,0x00,
    0x00,0x00,0x00,0x00,0x00,0x00,0x00,0x00,0x00,0x00,0x00,0x00,0x00,0x00,0x00,0x00,0x00,0x00,0x00,0x00,0x00,0x00,0x00,0x00,
    0x00,0x00,0x00,0x00,0x00,0x00,0x00,0x00,0x00,0x00,0x00,0x00,0x00,0x00,0x00,0x00,0x00,0x00,0x00,0x00,0x00,0x00,0x00,0x00,
    0x00,0x00,0x00,0x00,0x00,0x00,0x00,0x00,0x00,0x00,0x00,0x00,0x00,0x00,0x00,0x00,0x00,0x00,0x00,0x00,0x00,0x00,0x00,0x00,
    0x00,0x00,0x00,0x00,0x00,0x00,0x00,0x00,0x00,0x00,0x00,0x00,0x00,0x00,0x00,0x00,0x00,0x00,0x00,0x00,0x00,0x00,0x00,0x00,
    0x00,0x00,0x00,0x00,0x00,0x00,0x00,0x00,0x00,0x00,0x00,0x00,0x00,0x00,0x00,0x00,0x00,0x00,0x00,0x00,0x00,0x00,0x00,0x00,
    0x00,0x00,0x00,0x00,0x00,0x00,0x00,0x00,0x00,0x00,0x00,0x00,0x00,0x00,0x00,0x00,0x00,0x00,0x00,0x00,0x00,0x00,0x00,0x00,
    0x00,0x00,0x00,0x00,0x00,0x00,0x00,0x00,0x00,0x00,0x00,0x00,0x00,0x00,0x00,0x00,0x00,0x00,0x00,0x00,0x00,0x00,0x00,0x00,
    0x00,0x00,0x00,0x00,0x00,0x00,0x00,0x00,0x00,0x00,0x00,0x00,0x00,0x00,0x00,0x00,0x00,0x00,0x00,0x00,0x00,0x00,0x00,0x00,
    0x00,0x00,0x00,0x00,0x00,0x00,0x00,0x00,0x00,0x00,0x00,0x00,0x00,0x00,0x00,0x00,0x00,0x00,0x00,0x00,0x00,0x00,0x00,0x00,
    0x00,0x00,0x00,0x00,0x00,0x00,0x00,0x00,0x00,0x00,0x00,0x00,0x00,0x00,0x00,0x00,0x00,0x00,0x49,0x12,0x35,0x49,0x12,0x90,
    0x49,0x12,0xc8,0x49,0x12,0xf5,0x49,0x12,0xff,0x49,0x12,0xff,0x49,0x12,0xff,0x49,0x12,0xff,0x49,0x12,0xff,0x49,0x12,0xff,
    0x49,0x12,0xff,0x49,0x12,0xff,0x49,0x12,0xff,0x49,0x12,0xff,0x49,0x12,0xff,0x49,0x12,0xff,0x49,0x12,0xf7,0x49,0x12,0xd8,
    0x49,0x12,0x70,0x49,0x12,0x0c,0x00,0x00,0x00,0x00,0x00,0x00,0x00,0x00,0x00,0x00,0x00,0x00,0x00,0x00,0x00,0x00,0x00,0x00,
    0x00,0x00,0x00,0x00,0x00,0x00,0x00,0x00,0x00,0x00,0x00,0x00,0x00,0x00,0x00,0x00,0x00,0x00,0x00,0x00,0x00,0x00,0x00,0x00,
    0x00,0x00,0x00,0x00,0x00,0x00,0x00,0x00,0x00,0x00,0x00,0x00,0x00,0x00,0x00,0x00,0x00,0x00,0x00,0x00,0x00,0x00,0x00,0x00,
    0x00,0x00,0x00,0x00,0x00,0x00,0x00,0x00,0x00,0x00,0x00,0x00,0x00,0x00,0x00,0x00,0x00,0x00,0x00,0x00,0x00,0x00,0x00,0x00,
    0x00,0x00,0x00,0x00,0x00,0x00,0x00,0x00,0x00,0x00,0x00,0x00,0x00,0x00,0x00,0x00,0x00,0x00,0x00,0x00,0x00,0x00,0x00,0x00,
    0x00,0x00,0x00,0x00,0x00,0x00,0x00,0x00,0x00,0x00,0x00,0x00,0x00,0x00,0x00,0x00,0x00,0x00,0x00,0x00,0x00,0x00,0x00,0x00,
    0x00,0x00,0x00,0x00,0x00,0x00,0x00,0x00,0x00,0x00,0x00,0x00,0x00,0x00,0x00,0x00,0x00,0x00,0x00,0x00,0x00,0x00,0x00,0x00,
    0x00,0x00,0x00,0x00,0x00,0x00,0x00,0x00,0x00,0x00,0x00,0x00,0x00,0x00,0x00,0x49,0x12,0x55,0x49,0x12,0xe7,0x49,0x12,0xff,
    0x49,0x12,0xff,0x49,0x12,0xff,0x49,0x12,0xff,0x49,0x12,0xff,0x49,0x12,0xff,0x49,0x12,0xc0,0x49,0x12,0x2b,0x00,0x00,0x00,
    0x00,0x00,0x00,0x00,0x00,0x00,0x00,0x00,0x00,0x00,0x00,0x00,0x00,0x00,0x00,0x00,0x00,0x00,0x00,0x00,0x00,0x00,0x00,0x00,
    0x00,0x00,0x00,0x00,0x00,0x00,0x00,0x00,0x00,0x00,0x00,0x00,0x00,0x00,0x00,0x00,0x00,0x00,0x00,0x00,0x00,0x00,0x00,0x00,
    0x00,0x00,0x00,0x00,0x00,0x00,0x00,0x00,0x00,0x00,0x00,0x00,0x00,0x00,0x00,0x00,0x00,0x00,0x00,0x00,0x00,0x00,0x00,0x00,
    0x00,0x00,0x00,0x00,0x00,0x00,0x00,0x00,0x00,0x00,0x00,0x00,0x00,0x00,0x00,0x00,0x00,0x00,0x00,0x00,0x00,0x00,0x00,0x00,
    0x00,0x00,0x00,0x00,0x00,0x00,0x00,0x00,0x00,0x00,0x00,0x00,0x00,0x00,0x00,0x00,0x00,0x00,0x00,0x00,0x00,0x00,0x00,0x00,
    0x00,0x00,0x00,0x00,0x00,0x00,0x00,0x00,0x00,0x00,0x00,0x00,0x00,0x00,0x00,0x00,0x00,0x00,0x00,0x00,0x00,0x00,0x00,0x00,
    0x00,0x00,0x00,0x00,0x00,0x00,0x00,0x00,0x00,0x00,0x00,0x00,0x00,0x00,0x00,0x00,0x00,0x00,0x00,0x00,0x00,0x00,0x00,0x00,
    0x00,0x00,0x00,0x00,0x00,0x00,0x00,0x00,0x00,0x00,0x00,0x00,0x00,0x00,0x00,0x00,0x00,0x00,0x00,0x00,0x00,0x00,0x00,0x00,
    0x00,0x00,0x00,0x00,0x00,0x00,0x00,0x00,0x00,0x00,0x00,0x00,0x00,0x00,0x00,0x00,0x00,0x00,0x00,0x00,0x00,0x00,0x00,0x00,
    0x00,0x00,0x00,0x00,0x00,0x00,0x00,0x00,0x00,0x00,0x00,0x00,0x00,0x00,0x00,0x00,0x00,0x00,0x00,0x00,0x00,0x00,0x00,0x00,
    0x00,0x00,0x00,0x00,0x00,0x00,0x00,0x00,0x00,0x00,0x00,0x00,0x00,0x00,0x00,0x00,0x00,0x00,0x00,0x00,0x00,0x00,0x00,0x00,
    0x00,0x00,0x00,0x00,0x00,0x00,0x00,0x00,0x00,0x00,0x00,0x00,0x00,0x00,0x00,0x00,0x00,0x00,0x00,0x00,0x00,0x00,0x00,0x00,
    0x00,0x00,0x00,0x00,0x00,0x00,0x00,0x00,0x00,0x00,0x00,0x00,0x00,0x00,0x00,0x00,0x00,0x00,0x00,0x00,0x00,0x00,0x00,0x00,
    0x00,0x00,0x00,0x00,0x00,0x00,0x00,0x00,0x00,0x00,0x00,0x00,0x00,0x00,0x00,0x00,0x00,0x00,0x00,0x00,0x00,0x00,0x00,0x00,
    0x00,0x00,0x00,0x00,0x00,0x00,0x00,0x00,0x00,0x00,0x00,0x00,0x00,0x00,0x00,0x00,0x00,0x00,0x00,0x00,0x00,0x00,0x00,0x00,
    0x00,0x00,0x00,0x00,0x00,0x00,0x00,0x00,0x00,0x00,0x00,0x00,0x00,0x00,0x00,0x00,0x00,0x00,0x00,0x00,0x00,0x00,0x00,0x00,
    0x00,0x00,0x00,0x00,0x00,0x00,0x00,0x00,0x00,0x00,0x00,0x00,0x00,0x00,0x00,0x00,0x00,0x00,0x00,0x00,0x00,0x00,0x00,0x00,
    0x00,0x00,0x00,0x00,0x00,0x00,0x00,0x00,0x00,0x00,0x00,0x00,0x00,0x00,0x00,0x00,0x00,0x00,0x00,0x00,0x00,0x00,0x00,0x00,
    0x00,0x00,0x00,0x00,0x00,0x00,0x00,0x00,0x00,0x00,0x00,0x00,0x00,0x00,0x00,0x00,0x00,0x00,0x00,0x00,0x00,0x00,0x00,0x00,
    0x00,0x00,0x00,0x00,0x00,0x00,0x00,0x00,0x00,0x00,0x00,0x00,0x00,0x00,0x00,0x00,0x00,0x00,0x00,0x00,0x00,0x00,0x00,0x00,
    0x00,0x00,0x00,0x00,0x00,0x00,0x00,0x00,0x00,0x00,0x00,0x00,0x00,0x00,0x00,0x00,0x00,0x00,0x00,0x00,0x00,0x49,0x12,0x05,
    0x49,0x12,0x30,0x49,0x12,0x73,0x49,0x12,0xc7,0x49,0x12,0xfa,0x49,0x12,0xff,0x49,0x12,0xff,0x49,0x12,0xff,0x49,0x12,0xff,
    0x49,0x12,0xff,0x49,0x12,0xff,0x49,0x12,0xff,0x49,0x12,0xff,0x49,0x12,0xff,0x49,0x12,0xff,0x49,0x12,0xff,0x49,0x12,0xff,
    0x49,0x12,0xff,0x49,0x12,0xff,0x49,0x12,0xff,0x49,0x12,0xff,0x49,0x12,0xe3,0x49,0x12,0x83,0x49,0x12,0x28,0x00,0x00,0x00,
    0x00,0x00,0x00,0x00,0x00,0x00,0x00,0x00,0x00,0x00,0x00,0x00,0x00,0x00,0x00,0x00,0x00,0x00,0x00,0x00,0x00,0x00,0x00,0x00,
    0x00,0x00,0x00,0x00,0x00,0x00,0x00,0x00,0x00,0x00,0x00,0x00,0x00,0x00,0x00,0x00,0x00,0x00,0x00,0x00,0x00,0x00,0x00,0x00,
    0x00,0x00,0x00,0x00,0x00,0x00,0x00,0x00,0x00,0x00,0x00,0x00,0x00,0x00,0x00,0x00,0x00,0x00,0x00,0x00,0x00,0x00,0x00,0x00,
    0x00,0x00,0x00,0x00,0x00,0x00,0x00,0x00,0x00,0x00,0x00,0x00,0x00,0x00,0x00,0x00,0x00,0x00,0x00,0x00,0x00,0x00,0x00,0x00,
    0x00,0x00,0x00,0x00,0x00,0x00,0x00,0x00,0x00,0x00,0x00,0x00,0x00,0x00,0x00,0x00,0x00,0x00,0x00,0x00,0x00,0x00,0x00,0x00,
    0x00,0x00,0x00,0x00,0x00,0x00,0x00,0x00,0x00,0x00,0x00,0x00,0x00,0x00,0x00,0x00,0x00,0x00,0x00,0x00,0x00,0x00,0x00,0x00,
    0x00,0x00,0x00,0x00,0x00,0x00,0x00,0x00,0x00,0x00,0x00,0x00,0x00,0x00,0x00,0x00,0x00,0x00,0x00,0x00,0x00,0x00,0x00,0x00,
    0x00,0x00,0x00,0x49,0x12,0x8e,0x49,0x12,0xff,0x49,0x12,0xff,0x49,0x12,0xff,0x49,0x12,0xff,0x49,0x12,0xff,0x49,0x12,0xff,
    0x49,0x12,0xff,0x49,0x12,0xc0,0x49,0x12,0x2b,0x00,0x00,0x00,0x00,0x00,0x00,0x00,0x00,0x00,0x00,0x00,0x00,0x00,0x00,0x00,
    0x00,0x00,0x00,0x00,0x00,0x00,0x00,0x00,0x00,0x00,0x00,0x00,0x00,0x00,0x00,0x00,0x00,0x00,0x00,0x00,0x00,0x00,0x00,0x00,
    0x00,0x00,0x00,0x00,0x00,0x00,0x00,0x00,0x00,0x00,0x00,0x00,0x00,0x00,0x00,0x00,0x00,0x00,0x00,0x00,0x00,0x00,0x00,0x00,
    0x00,0x00,0x00,0x00,0x00,0x00,0x00,0x00,0x00,0x00,0x00,0x00,0x00,0x00,0x00,0x00,0x00,0x00,0x00,0x00,0x00,0x00,0x00,0x00,
    0x00,0x00,0x00,0x00,0x00,0x00,0x00,0x00,0x00,0x00,0x00,0x00,0x00,0x00,0x00,0x00,0x00,0x00,0x00,0x00,0x00,0x00,0x00,0x00,
    0x00,0x00,0x00,0x00,0x00,0x00,0x00,0x00,0x00,0x00,0x00,0x00,0x00,0x00,0x00,0x00,0x00,0x00,0x00,0x00,0x00,0x00,0x00,0x00,
    0x00,0x00,0x00,0x00,0x00,0x00,0x00,0x00,0x00,0x00,0x00,0x00,0x00,0x00,0x00,0x00,0x00,0x00,0x00,0x00,0x00,0x00,0x00,0x00,
    0x00,0x00,0x00,0x00,0x00,0x00,0x00,0x00,0x00,0x00,0x00,0x00,0x00,0x00,0x00,0x00,0x00,0x00,0x00,0x00,0x00,0x00,0x00,0x00,
    0x00,0x00,0x00,0x00,0x00,0x00,0x00,0x00,0x00,0x00,0x00,0x00,0x00,0x00,0x00,0x00,0x00,0x00,0x00,0x00,0x00,0x00,0x00,0x00,
    0x00,0x00,0x00,0x00,0x00,0x00,0x00,0x00,0x00,0x00,0x00,0x00,0x00,0x00,0x00,0x00,0x00,0x00,0x00,0x00,0x00,0x00,0x00,0x00,
    0x00,0x00,0x00,0x00,0x00,0x00,0x00,0x00,0x00,0x00,0x00,0x00,0x00,0x00,0x00,0x00,0x00,0x00,0x00,0x00,0x00,0x00,0x00,0x00,
    0x00,0x00,0x00,0x00,0x00,0x00,0x00,0x00,0x00,0x00,0x00,0x00,0x00,0x00,0x00,0x00,0x00,0x00,0x00,0x00,0x00,0x00,0x00,0x00,
    0x00,0x00,0x00,0x00,0x00,0x00,0x00,0x00,0x00,0x00,0x00,0x00,0x00,0x00,0x00,0x00,0x00,0x00,0x00,0x00,0x00,0x00,0x00,0x00,
    0x00,0x00,0x00,0x00,0x00,0x00,0x00,0x00,0x00,0x00,0x00,0x00,0x00,0x00,0x00,0x00,0x00,0x00,0x00,0x00,0x00,0x00,0x00,0x00,
    0x00,0x00,0x00,0x00,0x00,0x00,0x00,0x00,0x00,0x00,0x00,0x00,0x00,0x00,0x00,0x00,0x00,0x00,0x00,0x00,0x00,0x00,0x00,0x00,
    0x00,0x00,0x00,0x00,0x00,0x00,0x00,0x00,0x00,0x00,0x00,0x00,0x00,0x00,0x00,0x00,0x00,0x00,0x00,0x00,0x00,0x00,0x00,0x00,
    0x00,0x00,0x00,0x00,0x00,0x00,0x00,0x00,0x00,0x00,0x00,0x00,0x00,0x00,0x00,0x00,0x00,0x00,0x00,0x00,0x00,0x00,0x00,0x00,
    0x00,0x00,0x00,0x00,0x00,0x00,0x00,0x00,0x00,0x00,0x00,0x00,0x00,0x00,0x00,0x00,0x00,0x00,0x00,0x00,0x00,0x00,0x00,0x00,
    0x00,0x00,0x00,0x00,0x00,0x00,0x00,0x00,0x00,0x00,0x00,0x00,0x00,0x00,0x00,0x00,0x00,0x00,0x00,0x00,0x00,0x00,0x00,0x00,
    0x00,0x00,0x00,0x00,0x00,0x00,0x00,0x00,0x00,0x00,0x00,0x00,0x00,0x00,0x00,0x00,0x00,0x00,0x00,0x00,0x00,0x00,0x00,0x00,
    0x00,0x00,0x00,0x00,0x00,0x00,0x00,0x00,0x00,0x00,0x00,0x00,0x00,0x00,0x00,0x00,0x00,0x00,0x00,0x00,0x00,0x00,0x00,0x00,
    0x00,0x00,0x00,0x00,0x00,0x00,0x00,0x00,0x00,0x49,0x12,0x33,0x49,0x12,0xc0,0x49,0x12,0xf7,0x49,0x12,0xff,0x49,0x12,0xff,
    0x49,0x12,0xff,0x49,0x12,0xff,0x49,0x12,0xff,0x49,0x12,0xff,0x49,0x12,0xff,0x49,0x12,0xff,0x49,0x12,0xff,0x49,0x12,0xff,
    0x49,0x12,0xff,0x49,0x12,0xff,0x49,0x12,0xff,0x49,0x12,0xff,0x49,0x12,0xff,0x49,0x12,0xff,0x49,0x12,0xff,0x49,0x12,0xff,
    0x49,0x12,0xff,0x49,0x12,0xef,0x49,0x12,0x74,0x49,0x12,0x03,0x00,0x00,0x00,0x00,0x00,0x00,0x00,0x00,0x00,0x00,0x00,0x00,
    0x00,0x00,0x00,0x00,0x00,0x00,0x00,0x00,0x00,0x00,0x00,0x00,0x00,0x00,0x00,0x00,0x00,0x00,0x00,0x00,0x00,0x00,0x00,0x00,
    0x00,0x00,0x00,0x00,0x00,0x00,0x00,0x00,0x00,0x00,0x00,0x00,0x00,0x00,0x00,0x00,0x00,0x00,0x00,0x00,0x00,0x00,0x00,0x00,
    0x00,0x00,0x00,0x00,0x00,0x00,0x00,0x00,0x00,0x00,0x00,0x00,0x00,0x00,0x00,0x00,0x00,0x00,0x00,0x00,0x00,0x00,0x00,0x00,
    0x00,0x00,0x00,0x00,0x00,0x00,0x00,0x00,0x00,0x00,0x00,0x00,0x00,0x00,0x00,0x00,0x00,0x00,0x00,0x00,0x00,0x00,0x00,0x00,
    0x00,0x00,0x00,0x00,0x00,0x00,0x00,0x00,0x00,0x00,0x00,0x00,0x00,0x00,0x00,0x00,0x00,0x00,0x00,0x00,0x00,0x00,0x00,0x00,
    0x00,0x00,0x00,0x00,0x00,0x00,0x00,0x00,0x00,0x00,0x00,0x00,0x00,0x00,0x00,0x00,0x00,0x00,0x00,0x00,0x00,0x00,0x00,0x00,
    0x00,0x00,0x00,0x00,0x00,0x00,0x00,0x00,0x00,0x00,0x00,0x00,0x00,0x00,0x00,0x49,0x12,0xa5,0x49,0x12,0xff,0x49,0x12,0xff,
    0x49,0x12,0xff,0x49,0x12,0xff,0x49,0x12,0xff,0x49,0x12,0xff,0x49,0x12,0xff,0x49,0x12,0xc0,0x49,0x12,0x2b,0x00,0x00,0x00,
    0x00,0x00,0x00,0x00,0x00,0x00,0x00,0x00,0x00,0x00,0x00,0x00,0x00,0x00,0x00,0x00,0x00,0x00,0x00,0x00,0x00,0x00,0x00,0x00,
    0x00,0x00,0x00,0x00,0x00,0x00,0x00,0x00,0x00,0x00,0x00,0x00,0x00,0x00,0x00,0x00,0x00,0x00,0x00,0x00,0x00,0x00,0x00,0x00,
    0x00,0x00,0x00,0x00,0x00,0x00,0x00,0x00,0x00,0x00,0x00,0x00,0x00,0x00,0x00,0x00,0x00,0x00,0x00,0x00,0x00,0x00,0x00,0x00,
    0x00,0x00,0x00,0x00,0x00,0x00,0x00,0x00,0x00,0x00,0x00,0x00,0x00,0x00,0x00,0x00,0x00,0x00,0x00,0x00,0x00,0x00,0x00,0x00,
    0x00,0x00,0x00,0x00,0x00,0x00,0x00,0x00,0x00,0x00,0x00,0x00,0x00,0x00,0x00,0x00,0x00,0x00,0x00,0x00,0x00,0x00,0x00,0x00,
    0x00,0x00,0x00,0x00,0x00,0x00,0x00,0x00,0x00,0x00,0x00,0x00,0x00,0x00,0x00,0x00,0x00,0x00,0x00,0x00,0x00,0x00,0x00,0x00,
    0x00,0x00,0x00,0x00,0x00,0x00,0x00,0x00,0x00,0x00,0x00,0x00,0x00,0x00,0x00,0x00,0x00,0x00,0x00,0x00,0x00,0x00,0x00,0x00,
    0x00,0x00,0x00,0x00,0x00,0x00,0x00,0x00,0x00,0x00,0x00,0x00,0x00,0x00,0x00,0x00,0x00,0x00,0x00,0x00,0x00,0x00,0x00,0x00,
    0x00,0x00,0x00,0x00,0x00,0x00,0x00,0x00,0x00,0x00,0x00,0x00,0x00,0x00,0x00,0x00,0x00,0x00,0x00,0x00,0x00,0x00,0x00,0x00,
    0x00,0x00,0x00,0x00,0x00,0x00,0x00,0x00,0x00,0x00,0x00,0x00,0x00,0x00,0x00,0x00,0x00,0x00,0x00,0x00,0x00,0x00,0x00,0x00,
    0x00,0x00,0x00,0x00,0x00,0x00,0x00,0x00,0x00,0x00,0x00,0x00,0x00,0x00,0x00,0x00,0x00,0x00,0x00,0x00,0x00,0x00,0x00,0x00,
    0x00,0x00,0x00,0x00,0x00,0x00,0x00,0x00,0x00,0x00,0x00,0x00,0x00,0x00,0x00,0x00,0x00,0x00,0x00,0x00,0x00,0x00,0x00,0x00,
    0x00,0x00,0x00,0x00,0x00,0x00,0x00,0x00,0x00,0x00,0x00,0x00,0x00,0x00,0x00,0x00,0x00,0x00,0x00,0x00,0x00,0x00,0x00,0x00,
    0x00,0x00,0x00,0x00,0x00,0x00,0x00,0x00,0x00,0x00,0x00,0x00,0x00,0x00,0x00,0x00,0x00,0x00,0x00,0x00,0x00,0x00,0x00,0x00,
    0x00,0x00,0x00,0x00,0x00,0x00,0x00,0x00,0x00,0x00,0x00,0x00,0x00,0x00,0x00,0x00,0x00,0x00,0x00,0x00,0x00,0x00,0x00,0x00,
    0x00,0x00,0x00,0x00,0x00,0x00,0x00,0x00,0x00,0x00,0x00,0x00,0x00,0x00,0x00,0x00,0x00,0x00,0x00,0x00,0x00,0x00,0x00,0x00,
    0x00,0x00,0x00,0x00,0x00,0x00,0x00,0x00,0x00,0x00,0x00,0x00,0x00,0x00,0x00,0x00,0x00,0x00,0x00,0x00,0x00,0x00,0x00,0x00,
    0x00,0x00,0x00,0x00,0x00,0x00,0x00,0x00,0x00,0x00,0x00,0x00,0x00,0x00,0x00,0x00,0x00,0x00,0x00,0x00,0x00,0x00,0x00,0x00,
    0x00,0x00,0x00,0x00,0x00,0x00,0x00,0x00,0x00,0x00,0x00,0x00,0x00,0x00,0x00,0x00,0x00,0x00,0x00,0x00,0x00,0x00,0x00,0x00,
    0x00,0x00,0x00,0x00,0x00,0x00,0x00,0x00,0x00,0x00,0x00,0x00,0x00,0x00,0x00,0x00,0x00,0x00,0x00,0x00,0x00,0x00,0x00,0x00,
    0x00,0x00,0x00,0x00,0x00,0x00,0x00,0x00,0x00,0x00,0x00,0x00,0x00,0x00,0x00,0x00,0x00,0x00,0x00,0x00,0x00,0x49,0x12,0x78,
    0x49,0x12,0xfb,0x49,0x12,0xff,0x49,0x12,0xff,0x49,0x12,0xff,0x49,0x12,0xff,0x49,0x12,0xff,0x49,0x12,0xff,0x49,0x12,0xff,
    0x49,0x12,0xff,0x49,0x12,0xff,0x49,0x12,0xff,0x49,0x12,0xff,0x49,0x12,0xff,0x49,0x12,0xff,0x49,0x12,0xff,0x49,0x12,0xff,
    0x49,0x12,0xff,0x49,0x12,0xff,0x49,0x12,0xff,0x49,0x12,0xff,0x49,0x12,0xff,0x49,0x12,0xff,0x49,0x12,0x94,0x49,0x12,0x0d,
    0x00,0x00,0x00,0x00,0x00,0x00,0x00,0x00,0x00,0x00,0x00,0x00,0x00,0x00,0x00,0x00,0x00,0x00,0x00,0x00,0x00,0x00,0x00,0x00,
    0x00,0x00,0x00,0x00,0x00,0x00,0x00,0x00,0x00,0x00,0x00,0x00,0x00,0x00,0x00,0x00,0x00,0x00,0x00,0x00,0x00,0x00,0x00,0x00,
    0x00,0x00,0x00,0x00,0x00,0x00,0x00,0x00,0x00,0x00,0x00,0x00,0x00,0x00,0x00,0x00,0x00,0x00,0x00,0x00,0x00,0x00,0x00,0x00,
    0x00,0x00,0x00,0x00,0x00,0x00,0x00,0x00,0x00,0x00,0x00,0x00,0x00,0x00,0x00,0x00,0x00,0x00,0x00,0x00,0x00,0x00,0x00,0x00,
    0x00,0x00,0x00,0x00,0x00,0x00,0x00,0x00,0x00,0x00,0x00,0x00,0x00,0x00,0x00,0x00,0x00,0x00,0x00,0x00,0x00,0x00,0x00,0x00,
    0x00,0x00,0x00,0x00,0x00,0x00,0x00,0x00,0x00,0x00,0x00,0x00,0x00,0x00,0x00,0x00,0x00,0x00,0x00,0x00,0x00,0x00,0x00,0x00,
    0x00,0x00,0x00,0x00,0x00,0x00,0x00,0x00,0x00,0x00,0x00,0x00,0x00,0x00,0x00,0x00,0x00,0x00,0x00,0x00,0x00,0x00,0x00,0x00,
    0x00,0x00,0x00,0x49,0x12,0xaa,0x49,0x12,0xff,0x49,0x12,0xff,0x49,0x12,0xff,0x49,0x12,0xff,0x49,0x12,0xff,0x49,0x12,0xff,
    0x49,0x12,0xff,0x49,0x12,0xc0,0x49,0x12,0x2b,0x00,0x00,0x00,0x00,0x00,0x00,0x00,0x00,0x00,0x00,0x00,0x00,0x00,0x00,0x00,
    0x00,0x00,0x00,0x00,0x00,0x00,0x00,0x00,0x00,0x00,0x00,0x00,0x00,0x00,0x00,0x00,0x00,0x00,0x00,0x00,0x00,0x00,0x00,0x00,
    0x00,0x00,0x00,0x00,0x00,0x00,0x00,0x00,0x00,0x00,0x00,0x00,0x00,0x00,0x00,0x00,0x00,0x00,0x00,0x00,0x00,0x00,0x00,0x00,
    0x00,0x00,0x00,0x00,0x00,0x00,0x00,0x00,0x00,0x00,0x00,0x00,0x00,0x00,0x00,0x00,0x00,0x00,0x00,0x00,0x00,0x00,0x00,0x00,
    0x00,0x00,0x00,0x00,0x00,0x00,0x00,0x00,0x00,0x00,0x00,0x00,0x00,0x00,0x00,0x00,0x00,0x00,0x00,0x00,0x00,0x00,0x00,0x00,
    0x00,0x00,0x00,0x00,0x00,0x00,0x00,0x00,0x00,0x00,0x00,0x00,0x00,0x00,0x00,0x00,0x00,0x00,0x00,0x00,0x00,0x00,0x00,0x00,
    0x00,0x00,0x00,0x00,0x00,0x00,0x00,0x00,0x00,0x00,0x00,0x00,0x00,0x00,0x00,0x00,0x00,0x00,0x00,0x00,0x00,0x00,0x00,0x00,
    0x00,0x00,0x00,0x00,0x00,0x00,0x00,0x00,0x00,0x00,0x00,0x00,0x00,0x00,0x00,0x00,0x00,0x00,0x00,0x00,0x00,0x00,0x00,0x00,
    0x00,0x00,0x00,0x00,0x00,0x00,0x00,0x00,0x00,0x00,0x00,0x00,0x00,0x00,0x00,0x00,0x00,0x00,0x00,0x00,0x00,0x00,0x00,0x00,
    0x00,0x00,0x00,0x00,0x00,0x00,0x00,0x00,0x00,0x00,0x00,0x00,0x00,0x00,0x00,0x00,0x00,0x00,0x00,0x00,0x00,0x00,0x00,0x00,
    0x00,0x00,0x00,0x00,0x00,0x00,0x00,0x00,0x00,0x00,0x00,0x00,0x00,0x00,0x00,0x00,0x00,0x00,0x00,0x00,0x00,0x00,0x00,0x00,
    0x00,0x00,0x00,0x00,0x00,0x00,0x00,0x00,0x00,0x00,0x00,0x00,0x00,0x00,0x00,0x00,0x00,0x00,0x00,0x00,0x00,0x00,0x00,0x00,
    0x00,0x00,0x00,0x00,0x00,0x00,0x00,0x00,0x00,0x00,0x00,0x00,0x00,0x00,0x00,0x00,0x00,0x00,0x00,0x00,0x00,0x00,0x00,0x00,
    0x00,0x00,0x00,0x00,0x00,0x00,0x00,0x00,0x00,0x00,0x00,0x00,0x00,0x00,0x00,0x00,0x00,0x00,0x00,0x00,0x00,0x00,0x00,0x00,
    0x00,0x00,0x00,0x00,0x00,0x00,0x00,0x00,0x00,0x00,0x00,0x00,0x00,0x00,0x00,0x00,0x00,0x00,0x00,0x00,0x00,0x00,0x00,0x00,
    0x00,0x00,0x00,0x00,0x00,0x00,0x00,0x00,0x00,0x00,0x00,0x00,0x00,0x00,0x00,0x00,0x00,0x00,0x00,0x00,0x00,0x00,0x00,0x00,
    0x00,0x00,0x00,0x00,0x00,0x00,0x00,0x00,0x00,0x00,0x00,0x00,0x00,0x00,0x00,0x00,0x00,0x00,0x00,0x00,0x00,0x00,0x00,0x00,
    0x00,0x00,0x00,0x00,0x00,0x00,0x00,0x00,0x00,0x00,0x00,0x00,0x00,0x00,0x00,0x00,0x00,0x00,0x00,0x00,0x00,0x00,0x00,0x00,
    0x00,0x00,0x00,0x00,0x00,0x00,0x00,0x00,0x00,0x00,0x00,0x00,0x00,0x00,0x00,0x00,0x00,0x00,0x00,0x00,0x00,0x00,0x00,0x00,
    0x00,0x00,0x00,0x00,0x00,0x00,0x00,0x00,0x00,0x00,0x00,0x00,0x00,0x00,0x00,0x00,0x00,0x00,0x00,0x00,0x00,0x00,0x00,0x00,
    0x00,0x00,0x00,0x00,0x00,0x00,0x00,0x00,0x00,0x00,0x00,0x00,0x00,0x00,0x00,0x00,0x00,0x00,0x00,0x00,0x00,0x00,0x00,0x00,
    0x00,0x00,0x00,0x49,0x12,0x05,0x49,0x12,0x45,0x49,0x12,0xcf,0x49,0x12,0xff,0x49,0x12,0xff,0x49,0x12,0xff,0x49,0x12,0xff,
    0x49,0x12,0xff,0x49,0x12,0xff,0x49,0x12,0xff,0x49,0x12,0xff,0x49,0x12,0xff,0x49,0x12,0xff,0x49,0x12,0xff,0x49,0x12,0xf1,
    0x49,0x12,0xea,0x49,0x12,0xea,0x49,0x12,0xf5,0x49,0x12,0xff,0x49,0x12,0xff,0x49,0x12,0xff,0x49,0x12,0xff,0x49,0x12,0xff,
    0x49,0x12,0xff,0x49,0x12,0xfa,0x49,0x12,0x88,0x49,0x12,0x09,0x00,0x00,0x00,0x00,0x00,0x00,0x00,0x00,0x00,0x00,0x00,0x00,
    0x00,0x00,0x00,0x00,0x00,0x00,0x00,0x00,0x00,0x00,0x00,0x00,0x00,0x00,0x00,0x00,0x00,0x00,0x00,0x00,0x00,0x00,0x00,0x00,
    0x00,0x00,0x00,0x00,0x00,0x00,0x00,0x00,0x00,0x00,0x00,0x00,0x00,0x00,0x00,0x00,0x00,0x00,0x00,0x00,0x00,0x00,0x00,0x00,
    0x00,0x00,0x00,0x00,0x00,0x00,0x00,0x00,0x00,0x00,0x00,0x00,0x00,0x00,0x00,0x00,0x00,0x00,0x00,0x00,0x00,0x00,0x00,0x00,
    0x00,0x00,0x00,0x00,0x00,0x00,0x00,0x00,0x00,0x00,0x00,0x00,0x00,0x00,0x00,0x00,0x00,0x00,0x00,0x00,0x00,0x00,0x00,0x00,
    0x00,0x00,0x00,0x00,0x00,0x00,0x00,0x00,0x00,0x00,0x00,0x00,0x00,0x00,0x00,0x00,0x00,0x00,0x00,0x00,0x00,0x00,0x00,0x00,
    0x00,0x00,0x00,0x00,0x00,0x00,0x00,0x00,0x00,0x00,0x00,0x00,0x00,0x00,0x00,0x00,0x00,0x00,0x00,0x00,0x00,0x00,0x00,0x00,
    0x00,0x00,0x00,0x00,0x00,0x00,0x00,0x00,0x00,0x00,0x00,0x00,0x00,0x00,0x00,0x49,0x12,0xaa,0x49,0x12,0xff,0x49,0x12,0xff,
    0x49,0x12,0xff,0x49,0x12,0xff,0x49,0x12,0xff,0x49,0x12,0xff,0x49,0x12,0xff,0x49,0x12,0xc0,0x49,0x12,0x2b,0x00,0x00,0x00,
    0x00,0x00,0x00,0x00,0x00,0x00,0x00,0x00,0x00,0x00,0x00,0x00,0x00,0x00,0x00,0x00,0x00,0x00,0x00,0x00,0x00,0x00,0x00,0x00,
    0x00,0x00,0x00,0x00,0x00,0x00,0x00,0x00,0x00,0x00,0x00,0x00,0x00,0x00,0x00,0x00,0x00,0x00,0x00,0x00,0x00,0x00,0x00,0x00,
    0x00,0x00,0x00,0x00,0x00,0x00,0x00,0x00,0x00,0x00,0x00,0x00,0x00,0x00,0x00,0x00,0x00,0x00,0x00,0x00,0x00,0x00,0x00,0x00,
    0x00,0x00,0x00,0x00,0x00,0x00,0x00,0x00,0x00,0x00,0x00,0x00,0x00,0x00,0x00,0x00,0x00,0x00,0x00,0x00,0x00,0x00,0x00,0x00,
    0x00,0x00,0x00,0x00,0x00,0x00,0x00,0x00,0x00,0x00,0x00,0x00,0x00,0x00,0x00,0x00,0x00,0x00,0x00,0x00,0x00,0x00,0x00,0x00,
    0x00,0x00,0x00,0x00,0x00,0x00,0x00,0x00,0x00,0x00,0x00,0x00,0x00,0x00,0x00,0x00,0x00,0x00,0x00,0x00,0x00,0x00,0x00,0x00,
    0x00,0x00,0x00,0x00,0x00,0x00,0x00,0x00,0x00,0x00,0x00,0x00,0x00,0x00,0x00,0x00,0x00,0x00,0x00,0x00,0x00,0x00,0x00,0x00,
    0x00,0x00,0x00,0x00,0x00,0x00,0x00,0x00,0x00,0x00,0x00,0x00,0x00,0x00,0x00,0x00,0x00,0x00,0x00,0x00,0x00,0x00,0x00,0x00,
    0x00,0x00,0x00,0x00,0x00,0x00,0x00,0x00,0x00,0x00,0x00,0x00,0x00,0x00,0x00,0x00,0x00,0x00,0x00,0x00,0x00,0x00,0x00,0x00,
    0x00,0x00,0x00,0x00,0x00,0x00,0x00,0x00,0x00,0x00,0x00,0x00,0x00,0x00,0x00,0x00,0x00,0x00,0x00,0x00,0x00,0x00,0x00,0x00,
    0x00,0x00,0x00,0x00,0x00,0x00,0x00,0x00,0x00,0x00,0x00,0x00,0x00,0x00,0x00,0x00,0x00,0x00,0x00,0x00,0x00,0x00,0x00,0x00,
    0x00,0x00,0x00,0x00,0x00,0x00,0x00,0x00,0x00,0x00,0x00,0x00,0x00,0x00,0x00,0x00,0x00,0x00,0x00,0x00,0x00,0x00,0x00,0x00,
    0x00,0x00,0x00,0x00,0x00,0x00,0x00,0x00,0x00,0x00,0x00,0x00,0x00,0x00,0x00,0x00,0x00,0x00,0x00,0x00,0x00,0x00,0x00,0x00,
    0x00,0x00,0x00,0x00,0x00,0x00,0x00,0x00,0x00,0x00,0x00,0x00,0x00,0x00,0x00,0x00,0x00,0x00,0x00,0x00,0x00,0x00,0x00,0x00,
    0x00,0x00,0x00,0x00,0x00,0x00,0x00,0x00,0x00,0x00,0x00,0x00,0x00,0x00,0x00,0x00,0x00,0x00,0x00,0x00,0x00,0x00,0x00,0x00,
    0x00,0x00,0x00,0x00,0x00,0x00,0x00,0x00,0x00,0x00,0x00,0x00,0x00,0x00,0x00,0x00,0x00,0x00,0x00,0x00,0x00,0x00,0x00,0x00,
    0x00,0x00,0x00,0x00,0x00,0x00,0x00,0x00,0x00,0x00,0x00,0x00,0x00,0x00,0x00,0x00,0x00,0x00,0x00,0x00,0x00,0x00,0x00,0x00,
    0x00,0x00,0x00,0x00,0x00,0x00,0x00,0x00,0x00,0x00,0x00,0x00,0x00,0x00,0x00,0x00,0x00,0x00,0x00,0x00,0x00,0x00,0x00,0x00,
    0x00,0x00,0x00,0x00,0x00,0x00,0x00,0x00,0x00,0x00,0x00,0x00,0x00,0x00,0x00,0x00,0x00,0x00,0x00,0x00,0x00,0x00,0x00,0x00,
    0x00,0x00,0x00,0x00,0x00,0x00,0x00,0x00,0x00,0x00,0x00,0x00,0x00,0x00,0x00,0x00,0x00,0x00,0x00,0x00,0x00,0x00,0x00,0x00,
    0x00,0x00,0x00,0x00,0x00,0x00,0x00,0x00,0x00,0x00,0x00,0x00,0x00,0x00,0x00,0x49,0x12,0x30,0x49,0x12,0xb0,0x49,0x12,0xff,
    0x49,0x12,0xff,0x49,0x12,0xff,0x49,0x12,0xff,0x49,0x12,0xff,0x49,0x12,0xff,0x49,0x12,0xff,0x49,0x12,0xff,0x49,0x12,0xff,
    0x49,0x12,0xea,0x49,0x12,0xb0,0x49,0x12,0x8c,0x49,0x12,0x6b,0x49,0x12,0x60,0x49,0x12,0x60,0x49,0x12,0x70,0x49,0x12,0x8c,
    0x49,0x12,0xa8,0x49,0x12,0xda,0x49,0x12,0xff,0x49,0x12,0xff,0x49,0x12,0xff,0x49,0x12,0xd0,0x49,0x12,0x50,0x00,0x00,0x00,
    0x00,0x00,0x00,0x00,0x00,0x00,0x00,0x00,0x00,0x00,0x00,0x00,0x00,0x00,0x00,0x00,0x00,0x00,0x00,0x00,0x00,0x00,0x00,0x00,
    0x00,0x00,0x00,0x00,0x00,0x00,0x00,0x00,0x00,0x00,0x00,0x00,0x00,0x00,0x00,0x00,0x00,0x00,0x00,0x00,0x00,0x00,0x00,0x00,
    0x00,0x00,0x00,0x00,0x00,0x00,0x00,0x00,0x00,0x00,0x00,0x00,0x00,0x00,0x00,0x00,0x00,0x00,0x00,0x00,0x00,0x00,0x00,0x00,
    0x00,0x00,0x00,0x00,0x00,0x00,0x00,0x00,0x00,0x00,0x00,0x00,0x00,0x00,0x00,0x00,0x00,0x00,0x00,0x00,0x00,0x00,0x00,0x00,
    0x00,0x00,0x00,0x00,0x00,0x00,0x00,0x00,0x00,0x00,0x00,0x00,0x00,0x00,0x00,0x00,0x00,0x00,0x00,0x00,0x00,0x00,0x00,0x00,
    0x00,0x00,0x00,0x00,0x00,0x00,0x00,0x00,0x00,0x00,0x00,0x00,0x00,0x00,0x00,0x00,0x00,0x00,0x00,0x00,0x00,0x00,0x00,0x00,
    0x00,0x00,0x00,0x00,0x00,0x00,0x00,0x00,0x00,0x00,0x00,0x00,0x00,0x00,0x00,0x00,0x00,0x00,0x00,0x00,0x00,0x00,0x00,0x00,
    0x00,0x00,0x00,0x49,0x12,0xaa,0x49,0x12,0xff,0x49,0x12,0xff,0x49,0x12,0xff,0x49,0x12,0xff,0x49,0x12,0xff,0x49,0x12,0xff,
    0x49,0x12,0xff,0x49,0x12,0xc0,0x49,0x12,0x2b,0x00,0x00,0x00,0x00,0x00,0x00,0x00,0x00,0x00,0x00,0x00,0x00,0x00,0x00,0x00,
    0x00,0x00,0x00,0x00,0x00,0x00,0x00,0x00,0x00,0x00,0x00,0x00,0x00,0x00,0x00,0x00,0x00,0x00,0x00,0x00,0x00,0x00,0x00,0x00,
    0x00,0x00,0x00,0x00,0x00,0x00,0x00,0x00,0x00,0x00,0x00,0x00,0x00,0x00,0x00,0x00,0x00,0x00,0x00,0x00,0x00,0x00,0x00,0x00,
    0x00,0x00,0x00,0x00,0x00,0x00,0x00,0x00,0x00,0x00,0x00,0x00,0x00,0x00,0x00,0x00,0x00,0x00,0x00,0x00,0x00,0x00,0x00,0x00,
    0x00,0x00,0x00,0x00,0x00,0x00,0x00,0x00,0x00,0x00,0x00,0x00,0x00,0x00,0x00,0x00,0x00,0x00,0x00,0x00,0x00,0x00,0x00,0x00,
    0x00,0x00,0x00,0x00,0x00,0x00,0x00,0x00,0x00,0x00,0x00,0x00,0x00,0x00,0x00,0x00,0x00,0x00,0x00,0x00,0x00,0x00,0x00,0x00,
    0x00,0x00,0x00,0x00,0x00,0x00,0x00,0x00,0x00,0x00,0x00,0x00,0x00,0x00,0x00,0x00,0x00,0x00,0x00,0x00,0x00,0x00,0x00,0x00,
    0x00,0x00,0x00,0x00,0x00,0x00,0x00,0x00,0x00,0x00,0x00,0x00,0x00,0x00,0x00,0x00,0x00,0x00,0x00,0x00,0x00,0x00,0x00,0x00,
    0x00,0x00,0x00,0x00,0x00,0x00,0x00,0x00,0x00,0x00,0x00,0x00,0x00,0x00,0x00,0x00,0x00,0x00,0x00,0x00,0x00,0x00,0x00,0x00,
    0x00,0x00,0x00,0x00,0x00,0x00,0x00,0x00,0x00,0x00,0x00,0x00,0x00,0x00,0x00,0x00,0x00,0x00,0x00,0x00,0x00,0x00,0x00,0x00,
    0x00,0x00,0x00,0x00,0x00,0x00,0x00,0x00,0x00,0x00,0x00,0x00,0x00,0x00,0x00,0x00,0x00,0x00,0x00,0x00,0x00,0x00,0x00,0x00,
    0x00,0x00,0x00,0x00,0x00,0x00,0x00,0x00,0x00,0x00,0x00,0x00,0x00,0x00,0x00,0x00,0x00,0x00,0x00,0x00,0x00,0x00,0x00,0x00,
    0x00,0x00,0x00,0x00,0x00,0x00,0x00,0x00,0x00,0x00,0x00,0x00,0x00,0x00,0x00,0x00,0x00,0x00,0x00,0x00,0x00,0x00,0x00,0x00,
    0x00,0x00,0x00,0x00,0x00,0x00,0x00,0x00,0x00,0x00,0x00,0x00,0x00,0x00,0x00,0x00,0x00,0x00,0x00,0x00,0x00,0x00,0x00,0x00,
    0x00,0x00,0x00,0x00,0x00,0x00,0x00,0x00,0x00,0x00,0x00,0x00,0x00,0x00,0x00,0x00,0x00,0x00,0x00,0x00,0x00,0x00,0x00,0x00,
    0x00,0x00,0x00,0x00,0x00,0x00,0x00,0x00,0x00,0x00,0x00,0x00,0x00,0x00,0x00,0x00,0x00,0x00,0x00,0x00,0x00,0x00,0x00,0x00,
    0x00,0x00,0x00,0x00,0x00,0x00,0x00,0x00,0x00,0x00,0x00,0x00,0x00,0x00,0x00,0x00,0x00,0x00,0x00,0x00,0x00,0x00,0x00,0x00,
    0x00,0x00,0x00,0x00,0x00,0x00,0x00,0x00,0x00,0x00,0x00,0x00,0x00,0x00,0x00,0x00,0x00,0x00,0x00,0x00,0x00,0x00,0x00,0x00,
    0x00,0x00,0x00,0x00,0x00,0x00,0x00,0x00,0x00,0x00,0x00,0x00,0x00,0x00,0x00,0x00,0x00,0x00,0x00,0x00,0x00,0x00,0x00,0x00,
    0x00,0x00,0x00,0x00,0x00,0x00,0x00,0x00,0x00,0x00,0x00,0x00,0x00,0x00,0x00,0x00,0x00,0x00,0x00,0x00,0x00,0x00,0x00,0x00,
    0x00,0x00,0x00,0x00,0x00,0x00,0x00,0x00,0x00,0x00,0x00,0x00,0x00,0x00,0x00,0x00,0x00,0x00,0x00,0x00,0x00,0x00,0x00,0x00,
    0x49,0x12,0x04,0x49,0x12,0x6c,0x49,0x12,0xe7,0x49,0x12,0xff,0x49,0x12,0xff,0x49,0x12,0xff,0x49,0x12,0xff,0x49,0x12,0xff,
    0x49,0x12,0xff,0x49,0x12,0xff,0x49,0x12,0xff,0x49,0x12,0xe7,0x49,0x12,0x88,0x49,0x12,0x30,0x49,0x12,0x0c,0x00,0x00,0x00,
    0x00,0x00,0x00,0x00,0x00,0x00,0x00,0x00,0x00,0x49,0x12,0x0c,0x49,0x12,0x28,0x49,0x12,0x60,0x49,0x12,0xa8,0x49,0x12,0xdf,
    0x49,0x12,0xef,0x49,0x12,0x80,0x49,0x12,0x18,0x00,0x00,0x00,0x00,0x00,0x00,0x00,0x00,0x00,0x00,0x00,0x00,0x00,0x00,0x00,
    0x00,0x00,0x00,0x00,0x00,0x00,0x00,0x00,0x00,0x00,0x00,0x00,0x00,0x00,0x00,0x00,0x00,0x00,0x00,0x00,0x00,0x00,0x00,0x00,
    0x00,0x00,0x00,0x00,0x00,0x00,0x00,0x00,0x00,0x00,0x00,0x00,0x00,0x00,0x00,0x00,0x00,0x00,0x00,0x00,0x00,0x00,0x00,0x00,
    0x00,0x00,0x00,0x00,0x00,0x00,0x00,0x00,0x00,0x00,0x00,0x00,0x00,0x00,0x00,0x00,0x00,0x00,0x00,0x00,0x00,0x00,0x00,0x00,
    0x00,0x00,0x00,0x00,0x00,0x00,0x00,0x00,0x00,0x00,0x00,0x00,0x00,0x00,0x00,0x00,0x00,0x00,0x00,0x00,0x00,0x00,0x00,0x00,
    0x00,0x00,0x00,0x00,0x00,0x00,0x00,0x00,0x00,0x00,0x00,0x00,0x00,0x00,0x00,0x00,0x00,0x00,0x00,0x00,0x00,0x00,0x00,0x00,
    0x00,0x00,0x00,0x00,0x00,0x00,0x00,0x00,0x00,0x00,0x00,0x00,0x00,0x00,0x00,0x00,0x00,0x00,0x00,0x00,0x00,0x00,0x00,0x00,
    0x00,0x00,0x00,0x00,0x00,0x00,0x00,0x00,0x00,0x00,0x00,0x00,0x00,0x00,0x00,0x49,0x12,0xaa,0x49,0x12,0xff,0x49,0x12,0xff,
    0x49,0x12,0xff,0x49,0x12,0xff,0x49,0x12,0xff,0x49,0x12,0xff,0x49,0x12,0xff,0x49,0x12,0xc0,0x49,0x12,0x2b,0x00,0x00,0x00,
    0x00,0x00,0x00,0x00,0x00,0x00,0x00,0x00,0x00,0x00,0x00,0x00,0x00,0x00,0x00,0x00,0x00,0x00,0x00,0x00,0x00,0x00,0x00,0x00,
    0x00,0x00,0x00,0x00,0x00,0x00,0x00,0x00,0x00,0x00,0x00,0x00,0x00,0x00,0x00,0x00,0x00,0x00,0x00,0x00,0x00,0x00,0x00,0x00,
    0x00,0x00,0x00,0x00,0x00,0x00,0x00,0x00,0x00,0x00,0x00,0x00,0x00,0x00,0x00,0x00,0x00,0x00,0x00,0x00,0x00,0x00,0x00,0x00,
    0x00,0x00,0x00,0x00,0x00,0x00,0x00,0x00,0x00,0x00,0x00,0x00,0x00,0x00,0x00,0x00,0x00,0x00,0x00,0x00,0x00,0x00,0x00,0x00,
    0x00,0x00,0x00,0x00,0x00,0x00,0x00,0x00,0x00,0x00,0x00,0x00,0x00,0x00,0x00,0x00,0x00,0x00,0x00,0x00,0x00,0x00,0x00,0x00,
    0x00,0x00,0x00,0x00,0x00,0x00,0x00,0x00,0x00,0x00,0x00,0x00,0x00,0x00,0x00,0x00,0x00,0x00,0x00,0x00,0x00,0x00,0x00,0x00,
    0x00,0x00,0x00,0x00,0x00,0x00,0x00,0x00,0x00,0x00,0x00,0x00,0x00,0x00,0x00,0x00,0x00,0x00,0x00,0x00,0x00,0x00,0x00,0x00,
    0x00,0x00,0x00,0x00,0x00,0x00,0x00,0x00,0x00,0x00,0x00,0x00,0x00,0x00,0x00,0x00,0x00,0x00,0x00,0x00,0x00,0x00,0x00,0x00,
    0x00,0x00,0x00,0x00,0x00,0x00,0x00,0x00,0x00,0x00,0x00,0x00,0x00,0x00,0x00,0x00,0x00,0x00,0x00,0x00,0x00,0x00,0x00,0x00,
    0x00,0x00,0x00,0x00,0x00,0x00,0x00,0x00,0x00,0x00,0x00,0x00,0x00,0x00,0x00,0x00,0x00,0x00,0x00,0x00,0x00,0x00,0x00,0x00,
    0x00,0x00,0x00,0x00,0x00,0x00,0x00,0x00,0x00,0x00,0x00,0x00,0x00,0x00,0x00,0x00,0x00,0x00,0x00,0x00,0x00,0x00,0x00,0x00,
    0x00,0x00,0x00,0x00,0x00,0x00,0x00,0x00,0x00,0x00,0x00,0x00,0x00,0x00,0x00,0x00,0x00,0x00,0x00,0x00,0x00,0x00,0x00,0x00,
    0x00,0x00,0x00,0x00,0x00,0x00,0x00,0x00,0x00,0x00,0x00,0x00,0x00,0x00,0x00,0x00,0x00,0x00,0x00,0x00,0x00,0x00,0x00,0x00,
    0x00,0x00,0x00,0x00,0x00,0x00,0x00,0x00,0x00,0x00,0x00,0x00,0x00,0x00,0x00,0x00,0x00,0x00,0x00,0x00,0x00,0x00,0x00,0x00,
    0x00,0x00,0x00,0x00,0x00,0x00,0x00,0x00,0x00,0x00,0x00,0x00,0x00,0x00,0x00,0x00,0x00,0x00,0x00,0x00,0x00,0x00,0x00,0x00,
    0x00,0x00,0x00,0x00,0x00,0x00,0x00,0x00,0x00,0x00,0x00,0x00,0x00,0x00,0x00,0x00,0x00,0x00,0x00,0x00,0x00,0x00,0x00,0x00,
    0x00,0x00,0x00,0x00,0x00,0x00,0x00,0x00,0x00,0x00,0x00,0x00,0x00,0x00,0x00,0x00,0x00,0x00,0x00,0x00,0x00,0x00,0x00,0x00,
    0x00,0x00,0x00,0x00,0x00,0x00,0x00,0x00,0x00,0x00,0x00,0x00,0x00,0x00,0x00,0x00,0x00,0x00,0x00,0x00,0x00,0x00,0x00,0x00,
    0x00,0x00,0x00,0x00,0x00,0x00,0x00,0x00,0x00,0x00,0x00,0x00,0x00,0x00,0x00,0x00,0x00,0x00,0x00,0x00,0x00,0x00,0x00,0x00,
    0x00,0x00,0x00,0x00,0x00,0x00,0x00,0x00,0x00,0x00,0x00,0x00,0x00,0x00,0x00,0x00,0x00,0x00,0x00,0x00,0x00,0x00,0x00,0x00,
    0x00,0x00,0x00,0x00,0x00,0x00,0x00,0x00,0x00,0x00,0x00,0x00,0x49,0x12,0x30,0x49,0x12,0xb0,0x49,0x12,0xff,0x49,0x12,0xff,
    0x49,0x12,0xff,0x49,0x12,0xff,0x49,0x12,0xff,0x49,0x12,0xff,0x49,0x12,0xff,0x49,0x12,0xf6,0x49,0x12,0xad,0x49,0x12,0x55,
    0x49,0x12,0x14,0x00,0x00,0x00,0x00,0x00,0x00,0x00,0x00,0x00,0x00,0x00,0x00,0x00,0x00,0x00,0x00,0x00,0x00,0x00,0x00,0x00,
    0x00,0x00,0x00,0x49,0x12,0x04,0x49,0x12,0x1b,0x49,0x12,0x48,0x49,0x12,0x5a,0x49,0x12,0x1b,0x00,0x00,0x00,0x00,0x00,0x00,
    0x00,0x00,0x00,0x00,0x00,0x00,0x00,0x00,0x00,0x00,0x00,0x00,0x00,0x00,0x00,0x00,0x00,0x00,0x00,0x00,0x00,0x00,0x00,0x00,
    0x00,0x00,0x00,0x00,0x00,0x00,0x00,0x00,0x00,0x00,0x00,0x00,0x00,0x00,0x00,0x00,0x00,0x00,0x00,0x00,0x00,0x00,0x00,0x00,
    0x00,0x00,0x00,0x00,0x00,0x00,0x00,0x00,0x00,0x00,0x00,0x00,0x00,0x00,0x00,0x00,0x00,0x00,0x00,0x00,0x00,0x00,0x00,0x00,
    0x00,0x00,0x00,0x00,0x00,0x00,0x00,0x00,0x00,0x00,0x00,0x00,0x00,0x00,0x00,0x00,0x00,0x00,0x00,0x00,0x00,0x00,0x00,0x00,
    0x00,0x00,0x00,0x00,0x00,0x00,0x00,0x00,0x00,0x00,0x00,0x00,0x00,0x00,0x00,0x00,0x00,0x00,0x00,0x00,0x00,0x00,0x00,0x00,
    0x00,0x00,0x00,0x00,0x00,0x00,0x00,0x00,0x00,0x00,0x00,0x00,0x00,0x00,0x00,0x00,0x00,0x00,0x00,0x00,0x00,0x00,0x00,0x00,
    0x00,0x00,0x00,0x00,0x00,0x00,0x00,0x00,0x00,0x00,0x00,0x00,0x00,0x00,0x00,0x00,0x00,0x00,0x00,0x00,0x00,0x00,0x00,0x00,
    0x00,0x00,0x00,0x49,0x12,0xaa,0x49,0x12,0xff,0x49,0x12,0xff,0x49,0x12,0xff,0x49,0x12,0xff,0x49,0x12,0xff,0x49,0x12,0xff,
    0x49,0x12,0xff,0x49,0x12,0xc0,0x49,0x12,0x2b,0x00,0x00,0x00,0x00,0x00,0x00,0x00,0x00,0x00,0x00,0x00,0x00,0x00,0x00,0x00,
    0x00,0x00,0x00,0x00,0x00,0x00,0x00,0x00,0x00,0x00,0x00,0x00,0x00,0x00,0x00,0x00,0x00,0x00,0x00,0x00,0x00,0x00,0x00,0x00,
    0x00,0x00,0x00,0x00,0x00,0x00,0x00,0x00,0x00,0x00,0x00,0x00,0x00,0x00,0x00,0x00,0x00,0x00,0x00,0x00,0x00,0x00,0x00,0x00,
    0x00,0x00,0x00,0x00,0x00,0x00,0x00,0x00,0x00,0x00,0x00,0x00,0x00,0x00,0x00,0x00,0x00,0x00,0x00,0x00,0x00,0x00,0x00,0x00,
    0x00,0x00,0x00,0x00,0x00,0x00,0x00,0x00,0x00,0x00,0x00,0x00,0x00,0x00,0x00,0x00,0x00,0x00,0x00,0x00,0x00,0x00,0x00,0x00,
    0x00,0x00,0x00,0x00,0x00,0x00,0x00,0x00,0x00,0x00,0x00,0x00,0x00,0x00,0x00,0x00,0x00,0x00,0x00,0x00,0x00,0x00,0x00,0x00,
    0x00,0x00,0x00,0x00,0x00,0x00,0x00,0x00,0x00,0x00,0x00,0x00,0x00,0x00,0x00,0x00,0x00,0x00,0x00,0x00,0x00,0x00,0x00,0x00,
    0x00,0x00,0x00,0x00,0x00,0x00,0x00,0x00,0x00,0x00,0x00,0x00,0x00,0x00,0x00,0x00,0x00,0x00,0x00,0x00,0x00,0x00,0x00,0x00,
    0x00,0x00,0x00,0x00,0x00,0x00,0x00,0x00,0x00,0x00,0x00,0x00,0x00,0x00,0x00,0x00,0x00,0x00,0x00,0x00,0x00,0x00,0x00,0x00,
    0x00,0x00,0x00,0x00,0x00,0x00,0x00,0x00,0x00,0x00,0x00,0x00,0x00,0x00,0x00,0x00,0x00,0x00,0x00,0x00,0x00,0x00,0x00,0x00,
    0x00,0x00,0x00,0x00,0x00,0x00,0x00,0x00,0x00,0x00,0x00,0x00,0x00,0x00,0x00,0x00,0x00,0x00,0x00,0x00,0x00,0x00,0x00,0x00,
    0x00,0x00,0x00,0x00,0x00,0x00,0x00,0x00,0x00,0x00,0x00,0x00,0x00,0x00,0x00,0x00,0x00,0x00,0x00,0x00,0x00,0x00,0x00,0x00,
    0x00,0x00,0x00,0x00,0x00,0x00,0x00,0x00,0x00,0x00,0x00,0x00,0x00,0x00,0x00,0x00,0x00,0x00,0x00,0x00,0x00,0x00,0x00,0x00,
    0x00,0x00,0x00,0x00,0x00,0x00,0x00,0x00,0x00,0x00,0x00,0x00,0x00,0x00,0x00,0x00,0x00,0x00,0x00,0x00,0x00,0x00,0x00,0x00,
    0x00,0x00,0x00,0x00,0x00,0x00,0x00,0x00,0x00,0x00,0x00,0x00,0x00,0x00,0x00,0x00,0x00,0x00,0x00,0x00,0x00,0x00,0x00,0x00,
    0x00,0x00,0x00,0x00,0x00,0x00,0x00,0x00,0x00,0x00,0x00,0x00,0x00,0x00,0x00,0x00,0x00,0x00,0x00,0x00,0x00,0x00,0x00,0x00,
    0x00,0x00,0x00,0x00,0x00,0x00,0x00,0x00,0x00,0x00,0x00,0x00,0x00,0x00,0x00,0x00,0x00,0x00,0x00,0x00,0x00,0x00,0x00,0x00,
    0x00,0x00,0x00,0x00,0x00,0x00,0x00,0x00,0x00,0x00,0x00,0x00,0x00,0x00,0x00,0x00,0x00,0x00,0x00,0x00,0x00,0x00,0x00,0x00,
    0x00,0x00,0x00,0x00,0x00,0x00,0x00,0x00,0x00,0x00,0x00,0x00,0x00,0x00,0x00,0x00,0x00,0x00,0x00,0x00,0x00,0x00,0x00,0x00,
    0x00,0x00,0x00,0x00,0x00,0x00,0x00,0x00,0x00,0x00,0x00,0x00,0x00,0x00,0x00,0x00,0x00,0x00,0x00,0x00,0x00,0x00,0x00,0x00,
    0x00,0x00,0x00,0x00,0x00,0x00,0x00,0x00,0x00,0x00,0x00,0x00,0x00,0x00,0x00,0x00,0x00,0x00,0x00,0x00,0x00,0x00,0x00,0x00,
    0x49,0x12,0x68,0x49,0x12,0xe8,0x49,0x12,0xff,0x49,0x12,0xff,0x49,0x12,0xff,0x49,0x12,0xff,0x49,0x12,0xff,0x49,0x12,0xff,
    0x49,0x12,0xff,0x49,0x12,0xca,0x49,0x12,0x30,0x00,0x00,0x00,0x00,0x00,0x00,0x00,0x00,0x00,0x00,0x00,0x00,0x00,0x00,0x00,
    0x00,0x00,0x00,0x00,0x00,0x00,0x00,0x00,0x00,0x00,0x00,0x00,0x00,0x00,0x00,0x00,0x00,0x00,0x00,0x00,0x00,0x00,0x00,0x00,
    0x00,0x00,0x00,0x00,0x00,0x00,0x00,0x00,0x00,0x00,0x00,0x00,0x00,0x00,0x00,0x00,0x00,0x00,0x00,0x00,0x00,0x00,0x00,0x00,
    0x00,0x00,0x00,0x00,0x00,0x00,0x00,0x00,0x00,0x00,0x00,0x00,0x00,0x00,0x00,0x00,0x00,0x00,0x00,0x00,0x00,0x00,0x00,0x00,
    0x00,0x00,0x00,0x00,0x00,0x00,0x00,0x00,0x00,0x00,0x00,0x00,0x00,0x00,0x00,0x00,0x00,0x00,0x00,0x00,0x00,0x00,0x00,0x00,
    0x00,0x00,0x00,0x00,0x00,0x00,0x00,0x00,0x00,0x00,0x00,0x00,0x00,0x00,0x00,0x00,0x00,0x00,0x00,0x00,0x00,0x00,0x00,0x00,
    0x00,0x00,0x00,0x00,0x00,0x00,0x00,0x00,0x00,0x00,0x00,0x00,0x00,0x00,0x00,0x00,0x00,0x00,0x00,0x00,0x00,0x00,0x00,0x00,
    0x00,0x00,0x00,0x00,0x00,0x00,0x00,0x00,0x00,0x00,0x00,0x00,0x00,0x00,0x00,0x00,0x00,0x00,0x00,0x00,0x00,0x00,0x00,0x00,
    0x00,0x00,0x00,0x00,0x00,0x00,0x00,0x00,0x00,0x00,0x00,0x00,0x00,0x00,0x00,0x00,0x00,0x00,0x00,0x00,0x00,0x00,0x00,0x00,
    0x00,0x00,0x00,0x00,0x00,0x00,0x00,0x00,0x00,0x00,0x00,0x00,0x00,0x00,0x00,0x49,0x12,0xaa,0x49,0x12,0xff,0x49,0x12,0xff,
    0x49,0x12,0xff,0x49,0x12,0xff,0x49,0x12,0xff,0x49,0x12,0xff,0x49,0x12,0xff,0x49,0x12,0xc0,0x49,0x12,0x2b,0x00,0x00,0x00,
    0x00,0x00,0x00,0x00,0x00,0x00,0x00,0x00,0x00,0x00,0x00,0x00,0x00,0x00,0x00,0x00,0x00,0x00,0x00,0x00,0x00,0x00,0x00,0x00,
    0x00,0x00,0x00,0x00,0x00,0x00,0x00,0x00,0x00,0x00,0x00,0x00,0x00,0x00,0x00,0x00,0x00,0x00,0x00,0x00,0x00,0x00,0x00,0x00,
    0x00,0x00,0x00,0x00,0x00,0x00,0x00,0x00,0x00,0x00,0x00,0x00,0x00,0x00,0x00,0x00,0x00,0x00,0x00,0x00,0x00,0x00,0x00,0x00,
    0x00,0x00,0x00,0x00,0x00,0x00,0x00,0x00,0x00,0x00,0x00,0x00,0x00,0x00,0x00,0x00,0x00,0x00,0x00,0x00,0x00,0x00,0x00,0x00,
    0x00,0x00,0x00,0x00,0x00,0x00,0x00,0x00,0x00,0x00,0x00,0x00,0x00,0x00,0x00,0x00,0x00,0x00,0x00,0x00,0x00,0x00,0x00,0x00,
    0x00,0x00,0x00,0x00,0x00,0x00,0x00,0x00,0x00,0x00,0x00,0x00,0x00,0x00,0x00,0x00,0x00,0x00,0x00,0x00,0x00,0x00,0x00,0x00,
    0x00,0x00,0x00,0x00,0x00,0x00,0x00,0x00,0x00,0x00,0x00,0x00,0x00,0x00,0x00,0x00,0x00,0x00,0x00,0x00,0x00,0x00,0x00,0x00,
    0x00,0x00,0x00,0x00,0x00,0x00,0x00,0x00,0x00,0x00,0x00,0x00,0x00,0x00,0x00,0x00,0x00,0x00,0x00,0x00,0x00,0x00,0x00,0x00,
    0x00,0x00,0x00,0x00,0x00,0x00,0x00,0x00,0x00,0x00,0x00,0x00,0x00,0x00,0x00,0x00,0x00,0x00,0x00,0x00,0x00,0x00,0x00,0x00,
    0x00,0x00,0x00,0x00,0x00,0x00,0x00,0x00,0x00,0x00,0x00,0x00,0x00,0x00,0x00,0x00,0x00,0x00,0x00,0x00,0x00,0x00,0x00,0x00,
    0x00,0x00,0x00,0x00,0x00,0x00,0x00,0x00,0x00,0x00,0x00,0x00,0x00,0x00,0x00,0x00,0x00,0x00,0x00,0x00,0x00,0x00,0x00,0x00,
    0x00,0x00,0x00,0x00,0x00,0x00,0x00,0x00,0x00,0x00,0x00,0x00,0x00,0x00,0x00,0x00,0x00,0x00,0x00,0x00,0x00,0x00,0x00,0x00,
    0x00,0x00,0x00,0x00,0x00,0x00,0x00,0x00,0x00,0x00,0x00,0x00,0x00,0x00,0x00,0x00,0x00,0x00,0x00,0x00,0x00,0x00,0x00,0x00,
    0x00,0x00,0x00,0x00,0x00,0x00,0x00,0x00,0x00,0x00,0x00,0x00,0x00,0x00,0x00,0x00,0x00,0x00,0x00,0x00,0x00,0x00,0x00,0x00,
    0x00,0x00,0x00,0x00,0x00,0x00,0x00,0x00,0x00,0x00,0x00,0x00,0x00,0x00,0x00,0x00,0x00,0x00,0x00,0x00,0x00,0x00,0x00,0x00,
    0x00,0x00,0x00,0x00,0x00,0x00,0x00,0x00,0x00,0x00,0x00,0x00,0x00,0x00,0x00,0x00,0x00,0x00,0x00,0x00,0x00,0x00,0x00,0x00,
    0x00,0x00,0x00,0x00,0x00,0x00,0x00,0x00,0x00,0x00,0x00,0x00,0x00,0x00,0x00,0x00,0x00,0x00,0x00,0x00,0x00,0x00,0x00,0x00,
    0x00,0x00,0x00,0x00,0x00,0x00,0x00,0x00,0x00,0x00,0x00,0x00,0x00,0x00,0x00,0x00,0x00,0x00,0x00,0x00,0x00,0x00,0x00,0x00,
    0x00,0x00,0x00,0x00,0x00,0x00,0x00,0x00,0x00,0x00,0x00,0x00,0x00,0x00,0x00,0x00,0x00,0x00,0x00,0x00,0x00,0x00,0x00,0x00,
    0x00,0x00,0x00,0x00,0x00,0x00,0x00,0x00,0x00,0x00,0x00,0x00,0x00,0x00,0x00,0x00,0x00,0x00,0x00,0x00,0x00,0x00,0x00,0x00,
    0x00,0x00,0x00,0x00,0x00,0x00,0x00,0x00,0x00,0x00,0x00,0x00,0x49,0x12,0x84,0x49,0x12,0xfb,0x49,0x12,0xff,0x49,0x12,0xff,
    0x49,0x12,0xff,0x49,0x12,0xff,0x49,0x12,0xff,0x49,0x12,0xff,0x49,0x12,0xff,0x49,0x12,0x9d,0x49,0x12,0x04,0x00,0x00,0x00,
    0x00,0x00,0x00,0x00,0x00,0x00,0x00,0x00,0x00,0x00,0x00,0x00,0x00,0x00,0x00,0x00,0x00,0x00,0x00,0x00,0x00,0x00,0x00,0x00,
    0x00,0x00,0x00,0x00,0x00,0x00,0x00,0x00,0x00,0x00,0x00,0x00,0x00,0x00,0x00,0x00,0x00,0x00,0x00,0x00,0x00,0x00,0x00,0x00,
    0x00,0x00,0x00,0x00,0x00,0x00,0x00,0x00,0x00,0x00,0x00,0x00,0x00,0x00,0x00,0x00,0x00,0x00,0x00,0x00,0x00,0x00,0x00,0x00,
    0x00,0x00,0x00,0x00,0x00,0x00,0x00,0x00,0x00,0x00,0x00,0x00,0x00,0x00,0x00,0x00,0x00,0x00,0x00,0x00,0x00,0x00,0x00,0x00,
    0x00,0x00,0x00,0x00,0x00,0x00,0x00,0x00,0x00,0x00,0x00,0x00,0x00,0x00,0x00,0x00,0x00,0x00,0x00,0x00,0x00,0x00,0x00,0x00,
    0x00,0x00,0x00,0x00,0x00,0x00,0x00,0x00,0x00,0x00,0x00,0x00,0x00,0x00,0x00,0x00,0x00,0x00,0x00,0x00,0x00,0x00,0x00,0x00,
    0x00,0x00,0x00,0x00,0x00,0x00,0x00,0x00,0x00,0x00,0x00,0x00,0x00,0x00,0x00,0x00,0x00,0x00,0x00,0x00,0x00,0x00,0x00,0x00,
    0x00,0x00,0x00,0x00,0x00,0x00,0x00,0x00,0x00,0x00,0x00,0x00,0x00,0x00,0x00,0x00,0x00,0x00,0x00,0x00,0x00,0x00,0x00,0x00,
    0x00,0x00,0x00,0x00,0x00,0x00,0x00,0x00,0x00,0x00,0x00,0x00,0x00,0x00,0x00,0x00,0x00,0x00,0x00,0x00,0x00,0x00,0x00,0x00,
    0x00,0x00,0x00,0x49,0x12,0xaa,0x49,0x12,0xff,0x49,0x12,0xff,0x49,0x12,0xff,0x49,0x12,0xff,0x49,0x12,0xff,0x49,0x12,0xff,
    0x49,0x12,0xff,0x49,0x12,0xc0,0x49,0x12,0x2b,0x00,0x00,0x00,0x00,0x00,0x00,0x00,0x00,0x00,0x00,0x00,0x00,0x00,0x00,0x00,
    0x00,0x00,0x00,0x00,0x00,0x00,0x00,0x00,0x00,0x00,0x00,0x00,0x00,0x00,0x00,0x00,0x00,0x00,0x00,0x00,0x00,0x00,0x00,0x00,
    0x00,0x00,0x00,0x00,0x00,0x00,0x00,0x00,0x00,0x00,0x00,0x00,0x00,0x00,0x00,0x00,0x00,0x00,0x00,0x00,0x00,0x00,0x00,0x00,
    0x00,0x00,0x00,0x00,0x00,0x00,0x00,0x00,0x00,0x00,0x00,0x00,0x00,0x00,0x00,0x00,0x00,0x00,0x00,0x00,0x00,0x00,0x00,0x00,
    0x00,0x00,0x00,0x00,0x00,0x00,0x00,0x00,0x00,0x00,0x00,0x00,0x00,0x00,0x00,0x00,0x00,0x00,0x00,0x00,0x00,0x00,0x00,0x00,
    0x00,0x00,0x00,0x00,0x00,0x00,0x00,0x00,0x00,0x00,0x00,0x00,0x00,0x00,0x00,0x00,0x00,0x00,0x00,0x00,0x00,0x00,0x00,0x00,
    0x00,0x00,0x00,0x00,0x00,0x00,0x00,0x00,0x00,0x00,0x00,0x00,0x00,0x00,0x00,0x00,0x00,0x00,0x00,0x00,0x00,0x00,0x00,0x00,
    0x00,0x00,0x00,0x00,0x00,0x00,0x00,0x00,0x00,0x00,0x00,0x00,0x00,0x00,0x00,0x00,0x00,0x00,0x00,0x00,0x00,0x00,0x00,0x00,
    0x00,0x00,0x00,0x00,0x00,0x00,0x00,0x00,0x00,0x00,0x00,0x00,0x00,0x00,0x00,0x00,0x00,0x00,0x00,0x00,0x00,0x00,0x00,0x00,
    0x00,0x00,0x00,0x00,0x00,0x00,0x00,0x00,0x00,0x00,0x00,0x00,0x00,0x00,0x00,0x00,0x00,0x00,0x00,0x00,0x00,0x00,0x00,0x00,
    0x00,0x00,0x00,0x00,0x00,0x00,0x00,0x00,0x00,0x00,0x00,0x00,0x00,0x00,0x00,0x00,0x00,0x00,0x00,0x00,0x00,0x00,0x00,0x00,
    0x00,0x00,0x00,0x00,0x00,0x00,0x00,0x00,0x00,0x00,0x00,0x00,0x00,0x00,0x00,0x00,0x00,0x00,0x00,0x00,0x00,0x00,0x00,0x00,
    0x00,0x00,0x00,0x00,0x00,0x00,0x00,0x00,0x00,0x00,0x00,0x00,0x00,0x00,0x00,0x00,0x00,0x00,0x00,0x00,0x00,0x00,0x00,0x00,
    0x00,0x00,0x00,0x00,0x00,0x00,0x00,0x00,0x00,0x00,0x00,0x00,0x00,0x00,0x00,0x00,0x00,0x00,0x00,0x00,0x00,0x00,0x00,0x00,
    0x00,0x00,0x00,0x00,0x00,0x00,0x00,0x00,0x00,0x00,0x00,0x00,0x00,0x00,0x00,0x00,0x00,0x00,0x00,0x00,0x00,0x00,0x00,0x00,
    0x00,0x00,0x00,0x00,0x00,0x00,0x00,0x00,0x00,0x00,0x00,0x00,0x00,0x00,0x00,0x00,0x00,0x00,0x00,0x00,0x00,0x00,0x00,0x00,
    0x00,0x00,0x00,0x00,0x00,0x00,0x00,0x00,0x00,0x00,0x00,0x00,0x00,0x00,0x00,0x00,0x00,0x00,0x00,0x00,0x00,0x00,0x00,0x00,
    0x00,0x00,0x00,0x00,0x00,0x00,0x00,0x00,0x00,0x00,0x00,0x00,0x00,0x00,0x00,0x00,0x00,0x00,0x00,0x00,0x00,0x00,0x00,0x00,
    0x00,0x00,0x00,0x00,0x00,0x00,0x00,0x00,0x00,0x00,0x00,0x00,0x00,0x00,0x00,0x00,0x00,0x00,0x00,0x00,0x00,0x00,0x00,0x00,
    0x00,0x00,0x00,0x00,0x00,0x00,0x00,0x00,0x00,0x00,0x00,0x00,0x00,0x00,0x00,0x00,0x00,0x00,0x00,0x00,0x00,0x00,0x00,0x00,
    0x00,0x00,0x00,0x00,0x00,0x00,0x00,0x00,0x00,0x00,0x00,0x00,0x00,0x00,0x00,0x00,0x00,0x00,0x00,0x00,0x00,0x00,0x00,0x00,
    0x49,0x12,0xa0,0x49,0x12,0xff,0x49,0x12,0xff,0x49,0x12,0xff,0x49,0x12,0xff,0x49,0x12,0xff,0x49,0x12,0xff,0x49,0x12,0xff,
    0x49,0x12,0xff,0x49,0x12,0x71,0x00,0x00,0x00,0x00,0x00,0x00,0x00,0x00,0x00,0x00,0x00,0x00,0x00,0x00,0x00,0x00,0x00,0x00,
    0x00,0x00,0x00,0x00,0x00,0x00,0x00,0x00,0x00,0x00,0x00,0x00,0x00,0x00,0x00,0x00,0x00,0x00,0x00,0x00,0x00,0x00,0x00,0x00,
    0x00,0x00,0x00,0x00,0x00,0x00,0x00,0x00,0x00,0x00,0x00,0x00,0x00,0x00,0x00,0x00,0x00,0x00,0x00,0x00,0x00,0x00,0x00,0x00,
    0x00,0x00,0x00,0x00,0x00,0x00,0x00,0x00,0x00,0x00,0x00,0x00,0x00,0x00,0x00,0x00,0x00,0x00,0x00,0x00,0x00,0x00,0x00,0x00,
    0x00,0x00,0x00,0x49,0x12,0x0b,0x49,0x12,0x10,0x49,0x12,0x03,0x00,0x00,0x00,0x00,0x00,0x00,0x00,0x00,0x00,0x00,0x00,0x00,
    0x00,0x00,0x00,0x00,0x00,0x00,0x00,0x00,0x00,0x00,0x00,0x00,0x00,0x00,0x00,0x00,0x00,0x00,0x00,0x00,0x00,0x00,0x00,0x00,
    0x00,0x00,0x00,0x00,0x00,0x00,0x00,0x00,0x00,0x00,0x00,0x00,0x00,0x00,0x00,0x00,0x00,0x00,0x00,0x00,0x00,0x00,0x00,0x00,
    0x00,0x00,0x00,0x00,0x00,0x00,0x49,0x12,0x08,0x49,0x12,0x10,0x49,0x12,0x05,0x00,0x00,0x00,0x00,0x00,0x00,0x00,0x00,0x00,
    0x00,0x00,0x00,0x00,0x00,0x00,0x00,0x00,0x00,0x00,0x00,0x00,0x00,0x00,0x00,0x00,0x00,0x00,0x00,0x00,0x00,0x00,0x00,0x00,
    0x00,0x00,0x00,0x00,0x00,0x00,0x00,0x00,0x00,0x00,0x00,0x00,0x00,0x00,0x00,0x49,0x12,0xaa,0x49,0x12,0xff,0x49,0x12,0xff,
    0x49,0x12,0xff,0x49,0x12,0xff,0x49,0x12,0xff,0x49,0x12,0xff,0x49,0x12,0xff,0x49,0x12,0xc0,0x49,0x12,0x2b,0x00,0x00,0x00,
    0x00,0x00,0x00,0x00,0x00,0x00,0x00,0x00,0x00,0x00,0x00,0x00,0x00,0x00,0x00,0x00,0x00,0x00,0x00,0x00,0x00,0x00,0x00,0x00,
    0x00,0x00,0x00,0x00,0x00,0x00,0x00,0x00,0x00,0x00,0x00,0x00,0x00,0x00,0x00,0x00,0x00,0x00,0x00,0x00,0x00,0x00,0x00,0x00,
    0x00,0x00,0x00,0x00,0x00,0x00,0x00,0x00,0x00,0x00,0x00,0x00,0x00,0x00,0x00,0x00,0x00,0x00,0x00,0x00,0x00,0x00,0x00,0x00,
    0x00,0x00,0x00,0x00,0x00,0x00,0x00,0x00,0x00,0x00,0x00,0x00,0x00,0x00,0x00,0x00,0x00,0x00,0x00,0x00,0x00,0x00,0x00,0x00,
    0x00,0x00,0x00,0x00,0x00,0x00,0x00,0x00,0x00,0x00,0x00,0x00,0x00,0x00,0x00,0x00,0x00,0x00,0x00,0x00,0x00,0x00,0x00,0x00,
    0x00,0x00,0x00,0x00,0x00,0x00,0x00,0x00,0x00,0x00,0x00,0x00,0x00,0x00,0x00,0x00,0x00,0x00,0x00,0x00,0x00,0x00,0x00,0x00,
    0x00,0x00,0x00,0x00,0x00,0x00,0x00,0x00,0x00,0x00,0x00,0x00,0x00,0x00,0x00,0x00,0x00,0x00,0x00,0x00,0x00,0x00,0x00,0x00,
    0x00,0x00,0x00,0x00,0x00,0x00,0x00,0x00,0x00,0x00,0x00,0x00,0x00,0x00,0x00,0x00,0x00,0x00,0x00,0x00,0x00,0x00,0x00,0x00,
    0x00,0x00,0x00,0x00,0x00,0x00,0x00,0x00,0x00,0x00,0x00,0x00,0x00,0x00,0x00,0x49,0x12,0x02,0x49,0x12,0x0d,0x49,0x12,0x15,
    0x49,0x12,0x07,0x00,0x00,0x00,0x00,0x00,0x00,0x00,0x00,0x00,0x00,0x00,0x00,0x00,0x00,0x00,0x00,0x00,0x00,0x00,0x00,0x00,
    0x00,0x00,0x00,0x00,0x00,0x00,0x00,0x00,0x00,0x00,0x00,0x00,0x00,0x00,0x00,0x00,0x00,0x00,0x00,0x00,0x00,0x00,0x00,0x00,
    0x00,0x00,0x00,0x00,0x00,0x00,0x00,0x00,0x00,0x00,0x00,0x00,0x00,0x00,0x00,0x00,0x00,0x00,0x00,0x00,0x00,0x00,0x00,0x00,
    0x00,0x00,0x00,0x00,0x00,0x00,0x00,0x00,0x00,0x00,0x00,0x00,0x00,0x00,0x00,0x00,0x00,0x00,0x00,0x00,0x00,0x00,0x00,0x00,
    0x00,0x00,0x00,0x49,0x12,0x0b,0x49,0x12,0x13,0x49,0x12,0x08,0x00,0x00,0x00,0x00,0x00,0x00,0x00,0x00,0x00,0x00,0x00,0x00,
    0x00,0x00,0x00,0x00,0x00,0x00,0x00,0x00,0x00,0x00,0x00,0x00,0x00,0x00,0x00,0x00,0x00,0x00,0x00,0x00,0x00,0x00,0x00,0x00,
    0x00,0x00,0x00,0x00,0x00,0x00,0x00,0x00,0x00,0x00,0x00,0x00,0x00,0x00,0x00,0x00,0x00,0x00,0x00,0x00,0x00,0x49,0x12,0x0e,
    0x49,0x12,0x15,0x49,0x12,0x15,0x49,0x12,0x15,0x49,0x12,0x15,0x49,0x12,0x15,0x49,0x12,0x15,0x49,0x12,0x15,0x49,0x12,0x15,
    0x49,0x12,0x15,0x49,0x12,0x15,0x49,0x12,0x15,0x49,0x12,0x15,0x49,0x12,0x15,0x49,0x12,0x15,0x49,0x12,0x15,0x49,0x12,0x15,
    0x49,0x12,0x15,0x49,0x12,0x15,0x49,0x12,0x15,0x49,0x12,0x15,0x49,0x12,0x15,0x49,0x12,0x15,0x48,0x63,0x1d,0xc8,0x93,0x25,
    0x66,0xbc,0x1d,0x43,0xfd,0x15,0x43,0xfd,0x15,0x43,0xfd,0x15,0x43,0xfd,0x15,0x43,0xfd,0x15,0x43,0xfd,0x15,0x43,0xfd,0x15,
    0x43,0xfd,0x15,0x43,0xfd,0x15,0x43,0xfd,0x15,0x43,0xfd,0x0d,0x49,0x12,0xb8,0x49,0x12,0xff,0x49,0x12,0xff,0x49,0x12,0xff,
    0x49,0x12,0xff,0x49,0x12,0xff,0x49,0x12,0xff,0x49,0x12,0xff,0x49,0x12,0xff,0x49,0x12,0x58,0x00,0x00,0x00,0x00,0x00,0x00,
    0x00,0x00,0x00,0x00,0x00,0x00,0x00,0x00,0x00,0x00,0x00,0x00,0x00,0x00,0x00,0x00,0x00,0x00,0x00,0x00,0x00,0x00,0x00,0x00,
    0x00,0x00,0x00,0x00,0x00,0x00,0x00,0x00,0x00,0x00,0x00,0x00,0x00,0x00,0x00,0x00,0x00,0x00,0x00,0x00,0x00,0x00,0x00,0x00,
    0x00,0x00,0x00,0x00,0x00,0x00,0x00,0x00,0x00,0x00,0x00,0x00,0x00,0x00,0x00,0x00,0x00,0x00,0x00,0x00,0x00,0x00,0x00,0x00,
    0x49,0x12,0x20,0x49,0x12,0x4c,0x49,0x12,0x60,0x49,0x12,0x78,0x49,0x12,0x80,0x49,0x12,0x90,0x49,0x12,0x98,0x49,0x12,0x84,
    0x49,0x12,0x80,0x49,0x12,0x73,0x49,0x12,0x54,0x49,0x12,0x38,0x49,0x12,0x10,0x00,0x00,0x00,0x00,0x00,0x00,0x00,0x00,0x00,
    0x00,0x00,0x00,0x00,0x00,0x00,0x00,0x00,0x00,0x00,0x00,0x00,0x00,0x00,0x00,0x00,0x00,0x00,0x00,0x00,0x00,0x00,0x00,0x00,
    0x00,0x00,0x00,0x49,0x12,0x1b,0x49,0x12,0x44,0x49,0x12,0x58,0x49,0x12,0x75,0x49,0x12,0x80,0x49,0x12,0x8c,0x49,0x12,0x98,
    0x49,0x12,0x88,0x49,0x12,0x80,0x49,0x12,0x73,0x49,0x12,0x58,0x49,0x12,0x44,0x49,0x12,0x1b,0x00,0x00,0x00,0x00,0x00,0x00,
    0x00,0x00,0x00,0x00,0x00,0x00,0x00,0x00,0x00,0x00,0x00,0x00,0x00,0x00,0x00,0x00,0x00,0x00,0x00,0x00,0x00,0x00,0x00,0x00,
    0x00,0x00,0x00,0x49,0x12,0xaa,0x49,0x12,0xff,0x49,0x12,0xff,0x49,0x12,0xff,0x49,0x12,0xff,0x49,0x12,0xff,0x49,0x12,0xff,
    0x49,0x12,0xff,0x49,0x12,0xc0,0x49,0x12,0x2b,0x00,0x00,0x00,0x00,0x00,0x00,0x00,0x00,0x00,0x00,0x00,0x00,0x00,0x00,0x00,
    0x00,0x00,0x00,0x00,0x00,0x00,0x00,0x00,0x00,0x00,0x00,0x00,0x00,0x00,0x00,0x00,0x00,0x00,0x00,0x00,0x00,0x00,0x00,0x00,
    0x00,0x00,0x00,0x00,0x00,0x00,0x00,0x00,0x00,0x00,0x00,0x00,0x00,0x00,0x00,0x00,0x00,0x00,0x00,0x00,0x00,0x00,0x00,0x00,
    0x00,0x00,0x00,0x00,0x00,0x00,0x00,0x00,0x00,0x00,0x00,0x00,0x00,0x00,0x00,0x00,0x00,0x00,0x00,0x00,0x00,0x00,0x00,0x00,
    0x00,0x00,0x00,0x00,0x00,0x00,0x00,0x00,0x00,0x00,0x00,0x00,0x00,0x00,0x00,0x00,0x00,0x00,0x00,0x00,0x00,0x00,0x00,0x00,
    0x00,0x00,0x00,0x00,0x00,0x00,0x00,0x00,0x00,0x00,0x00,0x00,0x00,0x00,0x00,0x00,0x00,0x00,0x00,0x00,0x00,0x00,0x00,0x00,
    0x00,0x00,0x00,0x00,0x00,0x00,0x00,0x00,0x00,0x00,0x00,0x00,0x00,0x00,0x00,0x00,0x00,0x00,0x00,0x00,0x00,0x00,0x00,0x00,
    0x00,0x00,0x00,0x00,0x00,0x00,0x00,0x00,0x00,0x00,0x00,0x00,0x00,0x00,0x00,0x00,0x00,0x00,0x00,0x00,0x00,0x00,0x00,0x00,
    0x00,0x00,0x00,0x00,0x00,0x00,0x00,0x00,0x00,0x00,0x00,0x00,0x49,0x12,0x04,0x49,0x12,0x18,0x49,0x12,0x43,0x49,0x12,0x68,
    0x49,0x12,0x78,0x49,0x12,0x82,0x49,0x12,0x94,0x49,0x12,0xa0,0x49,0x12,0x8a,0x49,0x12,0x80,0x49,0x12,0x74,0x49,0x12,0x58,
    0x49,0x12,0x34,0x49,0x12,0x14,0x00,0x00,0x00,0x00,0x00,0x00,0x00,0x00,0x00,0x00,0x00,0x00,0x00,0x00,0x00,0x00,0x00,0x00,
    0x00,0x00,0x00,0x00,0x00,0x00,0x00,0x00,0x00,0x00,0x00,0x00,0x00,0x00,0x00,0x00,0x00,0x00,0x00,0x00,0x00,0x00,0x00,0x00,
    0x00,0x00,0x00,0x00,0x00,0x00,0x00,0x00,0x00,0x00,0x00,0x00,0x00,0x00,0x00,0x00,0x00,0x00,0x00,0x00,0x00,0x49,0x12,0x08,
    0x49,0x12,0x28,0x49,0x12,0x44,0x49,0x12,0x65,0x49,0x12,0x80,0x49,0x12,0x80,0x49,0x12,0x90,0x49,0x12,0x9c,0x49,0x12,0x8c,
    0x49,0x12,0x80,0x49,0x12,0x70,0x49,0x12,0x5c,0x49,0x12,0x4c,0x49,0x12,0x10,0x00,0x00,0x00,0x00,0x00,0x00,0x00,0x00,0x00,
    0x00,0x00,0x00,0x00,0x00,0x00,0x00,0x00,0x00,0x00,0x00,0x00,0x00,0x00,0x00,0x00,0x00,0x00,0x00,0x00,0x00,0x00,0x00,0x00,
    0x00,0x00,0x00,0x00,0x00,0x00,0x49,0x12,0x10,0x49,0x12,0x75,0x49,0x12,0xa0,0x49,0x12,0xa0,0x49,0x12,0xa0,0x49,0x12,0xa0,
    0x49,0x12,0xa0,0x49,0x12,0xa0,0x49,0x12,0xa0,0x49,0x12,0xa0,0x49,0x12,0xa0,0x49,0x12,0xa0,0x49,0x12,0xa0,0x49,0x12,0xa0,
    0x49,0x12,0xa0,0x49,0x12,0xa0,0x49,0x12,0xa0,0x49,0x12,0xa0,0x49,0x12,0xa0,0x49,0x12,0xa0,0x49,0x12,0xa0,0x49,0x12,0xa0,
    0x49,0x12,0xa0,0xc8,0x42,0xa0,0x26,0xac,0xac,0xe4,0xdc,0xb8,0x03,0xed,0xac,0x43,0xfd,0xa0,0x43,0xfd,0xa0,0x43,0xfd,0xa0,
    0x43,0xfd,0xa0,0x43,0xfd,0xa0,0x43,0xfd,0xa0,0x43,0xfd,0xa0,0x43,0xfd,0xa0,0x43,0xfd,0xa0,0x43,0xfd,0xa0,0x43,0xfd,0x6c,
    0x49,0x12,0xc0,0x49,0x12,0xff,0x49,0x12,0xff,0x49,0x12,0xff,0x49,0x12,0xff,0x49,0x12,0xff,0x49,0x12,0xff,0x49,0x12,0xff,
    0x49,0x12,0xef,0x49,0x12,0x4b,0x00,0x00,0x00,0x00,0x00,0x00,0x00,0x00,0x00,0x00,0x00,0x00,0x00,0x00,0x00,0x00,0x00,0x00,
    0x00,0x00,0x00,0x00,0x00,0x00,0x00,0x00,0x00,0x00,0x00,0x00,0x00,0x00,0x00,0x00,0x00,0x00,0x00,0x00,0x00,0x00,0x00,0x00,
    0x00,0x00,0x00,0x00,0x00,0x00,0x00,0x00,0x00,0x00,0x00,0x00,0x00,0x00,0x00,0x00,0x00,0x00,0x00,0x00,0x00,0x00,0x00,0x00,
    0x00,0x00,0x00,0x49,0x12,0x08,0x49,0x12,0x34,0x49,0x12,0x64,0x49,0x12,0x9d,0x49,0x12,0xcc,0x49,0x12,0xe0,0x49,0x12,0xf7,
    0x49,0x12,0xff,0x49,0x12,0xff,0x49,0x12,0xff,0x49,0x12,0xff,0x49,0x12,0xff,0x49,0x12,0xf2,0x49,0x12,0xd4,0x49,0x12,0xb8,
    0x49,0x12,0x80,0x49,0x12,0x30,0x49,0x12,0x08,0x00,0x00,0x00,0x00,0x00,0x00,0x00,0x00,0x00,0x00,0x00,0x00,0x00,0x00,0x00,
    0x00,0x00,0x00,0x00,0x00,0x00,0x49,0x12,0x08,0x49,0x12,0x30,0x49,0x12,0x5c,0x49,0x12,0x95,0x49,0x12,0xc4,0x49,0x12,0xd8,
    0x49,0x12,0xf5,0x49,0x12,0xff,0x49,0x12,0xff,0x49,0x12,0xff,0x49,0x12,0xff,0x49,0x12,0xff,0x49,0x12,0xf2,0x49,0x12,0xd8,
    0x49,0x12,0xc4,0x49,0x12,0x95,0x49,0x12,0x5c,0x49,0x12,0x2c,0x49,0x12,0x05,0x00,0x00,0x00,0x00,0x00,0x00,0x00,0x00,0x00,
    0x00,0x00,0x00,0x00,0x00,0x00,0x00,0x00,0x00,0x00,0x00,0x00,0x00,0x00,0x00,0x49,0x12,0xaa,0x49,0x12,0xff,0x49,0x12,0xff,
    0x49,0x12,0xff,0x49,0x12,0xff,0x49,0x12,0xff,0x49,0x12,0xff,0x49,0x12,0xff,0x49,0x12,0xc0,0x49,0x12,0x2b,0x00,0x00,0x00,
    0x00,0x00,0x00,0x00,0x00,0x00,0x00,0x00,0x00,0x00,0x00,0x00,0x00,0x00,0x00,0x00,0x00,0x00,0x00,0x00,0x00,0x00,0x00,0x00,
    0x00,0x00,0x00,0x00,0x00,0x00,0x00,0x00,0x00,0x00,0x00,0x00,0x00,0x00,0x00,0x00,0x00,0x00,0x00,0x00,0x00,0x00,0x00,0x00,
    0x49,0x12,0x14,0x49,0x12,0x43,0x49,0x12,0x61,0x49,0x12,0x68,0x49,0x12,0x74,0x49,0x12,0x78,0x49,0x12,0x74,0x49,0x12,0x4c,
    0x49,0x12,0x14,0x00,0x00,0x00,0x00,0x00,0x00,0x00,0x00,0x00,0x00,0x00,0x00,0x00,0x00,0x00,0x00,0x00,0x00,0x00,0x00,0x00,
    0x00,0x00,0x00,0x00,0x00,0x00,0x00,0x00,0x00,0x00,0x00,0x00,0x00,0x00,0x00,0x00,0x00,0x00,0x00,0x00,0x00,0x00,0x00,0x00,
    0x00,0x00,0x00,0x00,0x00,0x00,0x00,0x00,0x00,0x00,0x00,0x00,0x00,0x00,0x00,0x00,0x00,0x00,0x00,0x00,0x00,0x00,0x00,0x00,
    0x00,0x00,0x00,0x00,0x00,0x00,0x00,0x00,0x00,0x00,0x00,0x00,0x00,0x00,0x00,0x00,0x00,0x00,0x00,0x00,0x00,0x00,0x00,0x00,
    0x00,0x00,0x00,0x00,0x00,0x00,0x00,0x00,0x00,0x00,0x00,0x00,0x00,0x00,0x00,0x00,0x00,0x00,0x49,0x12,0x04,0x49,0x12,0x30,
    0x49,0x12,0x70,0x49,0x12,0x98,0x49,0x12,0xc2,0x49,0x12,0xe8,0x49,0x12,0xf7,0x49,0x12,0xff,0x49,0x12,0xff,0x49,0x12,0xff,
    0x49,0x12,0xff,0x49,0x12,0xff,0x49,0x12,0xf3,0x49,0x12,0xd8,0x49,0x12,0xb4,0x49,0x12,0x94,0x49,0x12,0x58,0x49,0x12,0x18,
    0x00,0x00,0x00,0x00,0x00,0x00,0x00,0x00,0x00,0x00,0x00,0x00,0x00,0x00,0x00,0x00,0x00,0x00,0x00,0x00,0x00,0x00,0x00,0x00,
    0x00,0x00,0x00,0x00,0x00,0x00,0x00,0x00,0x00,0x00,0x00,0x00,0x00,0x00,0x00,0x00,0x00,0x00,0x00,0x00,0x00,0x00,0x00,0x00,
    0x00,0x00,0x00,0x49,0x12,0x10,0x49,0x12,0x38,0x49,0x12,0x75,0x49,0x12,0xa8,0x49,0x12,0xc4,0x49,0x12,0xe5,0x49,0x12,0xff,
    0x49,0x12,0xff,0x49,0x12,0xff,0x49,0x12,0xff,0x49,0x12,0xff,0x49,0x12,0xff,0x49,0x12,0xef,0x49,0x12,0xdc,0x49,0x12,0xcc,
    0x49,0x12,0x8c,0x49,0x12,0x64,0x49,0x12,0x38,0x49,0x12,0x0b,0x00,0x00,0x00,0x00,0x00,0x00,0x00,0x00,0x00,0x00,0x00,0x00,
    0x00,0x00,0x00,0x00,0x00,0x00,0x00,0x00,0x00,0x00,0x00,0x00,0x00,0x00,0x00,0x00,0x00,0x00,0x49,0x12,0x38,0x49,0x12,0xcf,
    0x49,0x12,0xff,0x49,0x12,0xff,0x49,0x12,0xff,0x49,0x12,0xff,0x49,0x12,0xff,0x49,0x12,0xff,0x49,0x12,0xff,0x49,0x12,0xff,
    0x49,0x12,0xff,0x49,0x12,0xff,0x49,0x12,0xff,0x49,0x12,0xff,0x49,0x12,0xff,0x49,0x12,0xff,0x49,0x12,0xff,0x49,0x12,0xff,
    0x49,0x12,0xff,0x49,0x12,0xff,0x49,0x12,0xff,0x49,0x12,0xff,0x69,0x22,0xff,0x87,0x7b,0xff,0xe4,0xdc,0xff,0x43,0xfd,0xff,
    0x43,0xfd,0xff,0x43,0xfd,0xff,0x43,0xfd,0xff,0x43,0xfd,0xff,0x43,0xfd,0xff,0x43,0xfd,0xff,0x43,0xfd,0xff,0x43,0xfd,0xff,
    0x43,0xfd,0xff,0x43,0xfd,0xff,0x43,0xfd,0xff,0x43,0xfd,0xb4,0x49,0x12,0xc0,0x49,0x12,0xff,0x49,0x12,0xff,0x49,0x12,0xff,
    0x49,0x12,0xff,0x49,0x12,0xff,0x49,0x12,0xff,0x49,0x12,0xff,0x49,0x12,0xe0,0x49,0x12,0x40,0x00,0x00,0x00,0x00,0x00,0x00,
    0x00,0x00,0x00,0x00,0x00,0x00,0x00,0x00,0x00,0x00,0x00,0x00,0x00,0x00,0x00,0x00,0x00,0x00,0x00,0x00,0x00,0x00,0x00,0x00,
    0x00,0x00,0x00,0x00,0x00,0x00,0x00,0x00,0x00,0x00,0x00,0x00,0x00,0x00,0x00,0x00,0x00,0x00,0x00,0x00,0x00,0x00,0x00,0x00,
    0x00,0x00,0x00,0x00,0x00,0x00,0x00,0x00,0x00,0x49,0x12,0x18,0x49,0x12,0x4b,0x49,0x12,0x91,0x49,0x12,0xcd,0x49,0x12,0xed,
    0x49,0x12,0xfd,0x49,0x12,0xff,0x49,0x12,0xff,0x49,0x12,0xff,0x49,0x12,0xff,0x49,0x12,0xff,0x49,0x12,0xff,0x49,0x12,0xff,
    0x49,0x12,0xff,0x49,0x12,0xff,0x49,0x12,0xff,0x49,0x12,0xff,0x49,0x12,0xf4,0x49,0x12,0xca,0x49,0x12,0x9a,0x49,0x12,0x5b,
    0x00,0x00,0x00,0x00,0x00,0x00,0x00,0x00,0x00,0x49,0x12,0x05,0x49,0x12,0x28,0x49,0x12,0x55,0x49,0x12,0x93,0x49,0x12,0xca,
    0x49,0x12,0xe7,0x49,0x12,0xfc,0x49,0x12,0xff,0x49,0x12,0xff,0x49,0x12,0xff,0x49,0x12,0xff,0x49,0x12,0xff,0x49,0x12,0xff,
    0x49,0x12,0xff,0x49,0x12,0xff,0x49,0x12,0xff,0x49,0x12,0xff,0x49,0x12,0xff,0x49,0x12,0xfc,0x49,0x12,0xe7,0x49,0x12,0xc7,
    0x49,0x12,0x8a,0x49,0x12,0x48,0x49,0x12,0x1b,0x49,0x12,0x02,0x00,0x00,0x00,0x00,0x00,0x00,0x00,0x00,0x00,0x00,0x00,0x00,
    0x00,0x00,0x00,0x49,0x12,0xaa,0x49,0x12,0xff,0x49,0x12,0xff,0x49,0x12,0xff,0x49,0x12,0xff,0x49,0x12,0xff,0x49,0x12,0xff,
    0x49,0x12,0xff,0x49,0x12,0xc0,0x49,0x12,0x2b,0x00,0x00,0x00,0x00,0x00,0x00,0x00,0x00,0x00,0x00,0x00,0x00,0x00,0x00,0x00,
    0x00,0x00,0x00,0x00,0x00,0x00,0x00,0x00,0x00,0x00,0x00,0x00,0x00,0x00,0x00,0x00,0x00,0x00,0x00,0x00,0x00,0x00,0x00,0x00,
    0x00,0x00,0x00,0x49,0x12,0x13,0x49,0x12,0x53,0x49,0x12,0x92,0x49,0x12,0xb5,0x49,0x12,0xd6,0x49,0x12,0xeb,0x49,0x12,0xef,
    0x49,0x12,0xf7,0x49,0x12,0xfa,0x49,0x12,0xf8,0x49,0x12,0xdd,0x49,0x12,0xb5,0x49,0x12,0x65,0x49,0x12,0x0c,0x00,0x00,0x00,
    0x00,0x00,0x00,0x00,0x00,0x00,0x00,0x00,0x00,0x00,0x00,0x00,0x00,0x00,0x00,0x00,0x00,0x00,0x00,0x00,0x00,0x00,0x00,0x00,
    0x00,0x00,0x00,0x00,0x00,0x00,0x00,0x00,0x00,0x00,0x00,0x00,0x00,0x00,0x00,0x00,0x00,0x00,0x00,0x00,0x00,0x00,0x00,0x00,
    0x00,0x00,0x00,0x00,0x00,0x00,0x00,0x00,0x00,0x00,0x00,0x00,0x00,0x00,0x00,0x00,0x00,0x00,0x00,0x00,0x00,0x00,0x00,0x00,
    0x00,0x00,0x00,0x00,0x00,0x00,0x00,0x00,0x00,0x00,0x00,0x00,0x00,0x00,0x00,0x00,0x00,0x00,0x00,0x00,0x00,0x00,0x00,0x00,
    0x49,0x12,0x40,0x49,0x12,0x6b,0x49,0x12,0x95,0x49,0x12,0xc8,0x49,0x12,0xf2,0x49,0x12,0xff,0x49,0x12,0xff,0x49,0x12,0xff,
    0x49,0x12,0xff,0x49,0x12,0xff,0x49,0x12,0xff,0x49,0x12,0xff,0x49,0x12,0xff,0x49,0x12,0xff,0x49,0x12,0xff,0x49,0x12,0xff,
    0x49,0x12,0xff,0x49,0x12,0xff,0x49,0x12,0xe5,0x49,0x12,0xb5,0x49,0x12,0x8a,0x49,0x12,0x43,0x49,0x12,0x08,0x00,0x00,0x00,
    0x00,0x00,0x00,0x00,0x00,0x00,0x00,0x00,0x00,0x00,0x00,0x00,0x00,0x00,0x00,0x00,0x00,0x00,0x00,0x00,0x00,0x00,0x00,0x00,
    0x00,0x00,0x00,0x00,0x00,0x00,0x49,0x12,0x08,0x49,0x12,0x28,0x49,0x12,0x70,0x49,0x12,0xad,0x49,0x12,0xcf,0x49,0x12,0xf3,
    0x49,0x12,0xff,0x49,0x12,0xff,0x49,0x12,0xff,0x49,0x12,0xff,0x49,0x12,0xff,0x49,0x12,0xff,0x49,0x12,0xff,0x49,0x12,0xff,
    0x49,0x12,0xff,0x49,0x12,0xff,0x49,0x12,0xff,0x49,0x12,0xff,0x49,0x12,0xfd,0x49,0x12,0xed,0x49,0x12,0xcf,0x49,0x12,0x9c,
    0x49,0x12,0x5d,0x49,0x12,0x2d,0x49,0x12,0x07,0x00,0x00,0x00,0x00,0x00,0x00,0x00,0x00,0x00,0x00,0x00,0x00,0x00,0x00,0x00,
    0x00,0x00,0x00,0x49,0x12,0x08,0x49,0x12,0x75,0x49,0x12,0xf3,0x49,0x12,0xff,0x49,0x12,0xff,0x49,0x12,0xff,0x49,0x12,0xff,
    0x49,0x12,0xff,0x49,0x12,0xff,0x49,0x12,0xff,0x49,0x12,0xff,0x49,0x12,0xff,0x49,0x12,0xff,0x49,0x12,0xff,0x49,0x12,0xff,
    0x49,0x12,0xff,0x49,0x12,0xff,0x49,0x12,0xff,0x49,0x12,0xff,0x49,0x12,0xff,0x49,0x12,0xff,0x49,0x12,0xff,0x49,0x12,0xff,
    0x47,0x63,0xff,0xe4,0xdc,0xff,0x43,0xfd,0xff,0x43,0xfd,0xff,0x43,0xfd,0xff,0x43,0xfd,0xff,0x43,0xfd,0xff,0x43,0xfd,0xff,
    0x43,0xfd,0xff,0x43,0xfd,0xff,0x43,0xfd,0xff,0x43,0xfd,0xff,0x43,0xfd,0xfd,0x43,0xfd,0xe2,0x43,0xfd,0xa2,0x43,0xfd,0x50,
    0x49,0x12,0xc0,0x49,0x12,0xff,0x49,0x12,0xff,0x49,0x12,0xff,0x49,0x12,0xff,0x49,0x12,0xff,0x49,0x12,0xff,0x49,0x12,0xff,
    0x49,0x12,0xe0,0x49,0x12,0x40,0x00,0x00,0x00,0x00,0x00,0x00,0x00,0x00,0x00,0x00,0x00,0x00,0x00,0x00,0x00,0x00,0x00,0x00,
    0x00,0x00,0x00,0x00,0x00,0x00,0x00,0x00,0x00,0x00,0x00,0x00,0x00,0x00,0x00,0x00,0x00,0x00,0x00,0x00,0x00,0x00,0x00,0x00,
    0x00,0x00,0x00,0x00,0x00,0x00,0x00,0x00,0x00,0x00,0x00,0x00,0x00,0x00,0x00,0x00,0x00,0x00,0x49,0x12,0x25,0x49,0x12,0x98,
    0x49,0x12,0xe3,0x49,0x12,0xff,0x49,0x12,0xff,0x49,0x12,0xff,0x49,0x12,0xff,0x49,0x12,0xff,0x49,0x12,0xff,0x49,0x12,0xff,
    0x49,0x12,0xff,0x49,0x12,0xff,0x49,0x12,0xff,0x49,0x12,0xff,0x49,0x12,0xff,0x49,0x12,0xff,0x49,0x12,0xff,0x49,0x12,0xff,
    0x49,0x12,0xff,0x49,0x12,0xff,0x49,0x12,0xff,0x49,0x12,0xe7,0x49,0x12,0x18,0x00,0x00,0x00,0x00,0x00,0x00,0x49,0x12,0x48,
    0x49,0x12,0xbc,0x49,0x12,0xef,0x49,0x12,0xff,0x49,0x12,0xff,0x49,0x12,0xff,0x49,0x12,0xff,0x49,0x12,0xff,0x49,0x12,0xff,
    0x49,0x12,0xff,0x49,0x12,0xff,0x49,0x12,0xff,0x49,0x12,0xff,0x49,0x12,0xff,0x49,0x12,0xff,0x49,0x12,0xff,0x49,0x12,0xff,
    0x49,0x12,0xff,0x49,0x12,0xff,0x49,0x12,0xff,0x49,0x12,0xff,0x49,0x12,0xff,0x49,0x12,0xe3,0x49,0x12,0x9c,0x49,0x12,0x2d,
    0x00,0x00,0x00,0x00,0x00,0x00,0x00,0x00,0x00,0x00,0x00,0x00,0x00,0x00,0x00,0x49,0x12,0xaa,0x49,0x12,0xff,0x49,0x12,0xff,
    0x49,0x12,0xff,0x49,0x12,0xff,0x49,0x12,0xff,0x49,0x12,0xff,0x49,0x12,0xff,0x49,0x12,0xc0,0x49,0x12,0x2b,0x00,0x00,0x00,
    0x00,0x00,0x00,0x00,0x00,0x00,0x00,0x00,0x00,0x00,0x00,0x00,0x00,0x00,0x00,0x00,0x00,0x00,0x00,0x00,0x00,0x00,0x00,0x00,
    0x00,0x00,0x00,0x00,0x00,0x00,0x00,0x00,0x00,0x49,0x12,0x03,0x49,0x12,0x30,0x49,0x12,0x88,0x49,0x12,0xe5,0x49,0x12,0xff,
    0x49,0x12,0xff,0x49,0x12,0xff,0x49,0x12,0xff,0x49,0x12,0xff,0x49,0x12,0xff,0x49,0x12,0xff,0x49,0x12,0xff,0x49,0x12,0xff,
    0x49,0x12,0xff,0x49,0x12,0xc8,0x49,0x12,0x30,0x00,0x00,0x00,0x00,0x00,0x00,0x00,0x00,0x00,0x00,0x00,0x00,0x00,0x00,0x00,
    0x00,0x00,0x00,0x00,0x00,0x00,0x00,0x00,0x00,0x00,0x00,0x00,0x00,0x00,0x00,0x00,0x00,0x00,0x00,0x00,0x00,0x00,0x00,0x00,
    0x00,0x00,0x00,0x00,0x00,0x00,0x00,0x00,0x00,0x00,0x00,0x00,0x00,0x00,0x00,0x00,0x00,0x00,0x00,0x00,0x00,0x00,0x00,0x00,
    0x00,0x00,0x00,0x00,0x00,0x00,0x00,0x00,0x00,0x00,0x00,0x00,0x00,0x00,0x00,0x00,0x00,0x00,0x00,0x00,0x00,0x00,0x00,0x00,
    0x00,0x00,0x00,0x00,0x00,0x00,0x49,0x12,0x0c,0x49,0x12,0x40,0x49,0x12,0xdc,0x49,0x12,0xfb,0x49,0x12,0xff,0x49,0x12,0xff,
    0x49,0x12,0xff,0x49,0x12,0xff,0x49,0x12,0xff,0x49,0x12,0xff,0x49,0x12,0xff,0x49,0x12,0xff,0x49,0x12,0xff,0x49,0x12,0xff,
    0x49,0x12,0xff,0x49,0x12,0xff,0x49,0x12,0xff,0x49,0x12,0xff,0x49,0x12,0xff,0x49,0x12,0xff,0x49,0x12,0xff,0x49,0x12,0xff,
    0x49,0x12,0xff,0x49,0x12,0xd5,0x49,0x12,0x68,0x49,0x12,0x1c,0x00,0x00,0x00,0x00,0x00,0x00,0x00,0x00,0x00,0x00,0x00,0x00,
    0x00,0x00,0x00,0x00,0x00,0x00,0x00,0x00,0x00,0x00,0x00,0x00,0x00,0x00,0x00,0x49,0x12,0x15,0x49,0x12,0x6c,0x49,0x12,0xbc,
    0x49,0x12,0xf5,0x49,0x12,0xff,0x49,0x12,0xff,0x49,0x12,0xff,0x49,0x12,0xff,0x49,0x12,0xff,0x49,0x12,0xff,0x49,0x12,0xff,
    0x49,0x12,0xff,0x49,0x12,0xff,0x49,0x12,0xff,0x49,0x12,0xff,0x49,0x12,0xff,0x49,0x12,0xff,0x49,0x12,0xff,0x49,0x12,0xff,
    0x49,0x12,0xff,0x49,0x12,0xff,0x49,0x12,0xff,0x49,0x12,0xff,0x49,0x12,0xf3,0x49,0x12,0xc4,0x49,0x12,0x4b,0x00,0x00,0x00,
    0x00,0x00,0x00,0x00,0x00,0x00,0x00,0x00,0x00,0x00,0x00,0x00,0x00,0x00,0x00,0x49,0x12,0x1c,0x49,0x12,0x9c,0x49,0x12,0xff,
    0x49,0x12,0xff,0x49,0x12,0xff,0x49,0x12,0xff,0x49,0x12,0xff,0x49,0x12,0xff,0x49,0x12,0xff,0x49,0x12,0xff,0x49,0x12,0xff,
    0x49,0x12,0xff,0x49,0x12,0xff,0x49,0x12,0xff,0x49,0x12,0xff,0x49,0x12,0xff,0x49,0x12,0xff,0x49,0x12,0xff,0x49,0x12,0xff,
    0x49,0x12,0xff,0x49,0x12,0xff,0x49,0x12,0xff,0xa8,0x32,0xff,0x65,0xbc,0xff,0x43,0xfd,0xff,0x43,0xfd,0xff,0x43,0xfd,0xff,
    0x43,0xfd,0xff,0x43,0xfd,0xff,0x43,0xfd,0xff,0x43,0xfd,0xff,0x43,0xfd,0xff,0x43,0xfd,0xff,0x43,0xfd,0xff,0x43,0xfd,0xff,
    0x43,0xfd,0xd8,0x43,0xfd,0x60,0x43,0xfd,0x18,0x00,0x00,0x00,0x49,0x12,0xc0,0x49,0x12,0xff,0x49,0x12,0xff,0x49,0x12,0xff,
    0x49,0x12,0xff,0x49,0x12,0xff,0x49,0x12,0xff,0x49,0x12,0xff,0x49,0x12,0xe0,0x49,0x12,0x40,0x00,0x00,0x00,0x00,0x00,0x00,
    0x00,0x00,0x00,0x00,0x00,0x00,0x00,0x00,0x00,0x00,0x00,0x00,0x00,0x00,0x00,0x00,0x00,0x00,0x00,0x00,0x00,0x00,0x00,0x00,
    0x00,0x00,0x00,0x00,0x00,0x00,0x00,0x00,0x00,0x00,0x00,0x00,0x00,0x00,0x00,0x00,0x00,0x00,0x00,0x00,0x00,0x00,0x00,0x00,
    0x00,0x00,0x00,0x49,0x12,0x04,0x49,0x12,0x75,0x49,0x12,0xf3,0x49,0x12,0xff,0x49,0x12,0xff,0x49,0x12,0xff,0x49,0x12,0xff,
    0x49,0x12,0xff,0x49,0x12,0xff,0x49,0x12,0xff,0x49,0x12,0xff,0x49,0x12,0xff,0x49,0x12,0xff,0x49,0x12,0xff,0x49,0x12,0xff,
    0x49,0x12,0xff,0x49,0x12,0xff,0x49,0x12,0xff,0x49,0x12,0xff,0x49,0x12,0xff,0x49,0x12,0xff,0x49,0x12,0xff,0x49,0x12,0xff,
    0x49,0x12,0x4c,0x49,0x12,0x04,0x49,0x12,0x34,0x49,0x12,0xb5,0x49,0x12,0xff,0x49,0x12,0xff,0x49,0x12,0xff,0x49,0x12,0xff,
    0x49,0x12,0xff,0x49,0x12,0xff,0x49,0x12,0xff,0x49,0x12,0xff,0x49,0x12,0xff,0x49,0x12,0xff,0x49,0x12,0xff,0x49,0x12,0xff,
    0x49,0x12,0xff,0x49,0x12,0xff,0x49,0x12,0xff,0x49,0x12,0xff,0x49,0x12,0xff,0x49,0x12,0xff,0x49,0x12,0xff,0x49,0x12,0xff,
    0x49,0x12,0xff,0x49,0x12,0xff,0x49,0x12,0xf3,0x49,0x12,0x85,0x49,0x12,0x0c,0x00,0x00,0x00,0x00,0x00,0x00,0x00,0x00,0x00,
    0x00,0x00,0x00,0x49,0x12,0xaa,0x49,0x12,0xff,0x49,0x12,0xff,0x49,0x12,0xff,0x49,0x12,0xff,0x49,0x12,0xff,0x49,0x12,0xff,
    0x49,0x12,0xff,0x49,0x12,0xc0,0x49,0x12,0x2b,0x00,0x00,0x00,0x00,0x00,0x00,0x00,0x00,0x00,0x00,0x00,0x00,0x00,0x00,0x00,
    0x00,0x00,0x00,0x00,0x00,0x00,0x00,0x00,0x00,0x00,0x00,0x00,0x00,0x00,0x00,0x00,0x00,0x00,0x00,0x00,0x00,0x49,0x12,0x33,
    0x49,0x12,0xa8,0x49,0x12,0xeb,0x49,0x12,0xff,0x49,0x12,0xff,0x49,0x12,0xff,0x49,0x12,0xff,0x49,0x12,0xff,0x49,0x12,0xff,
    0x49,0x12,0xff,0x49,0x12,0xff,0x49,0x12,0xff,0x49,0x12,0xff,0x49,0x12,0xff,0x49,0x12,0xef,0x49,0x12,0x50,0x00,0x00,0x00,
    0x00,0x00,0x00,0x00,0x00,0x00,0x00,0x00,0x00,0x00,0x00,0x00,0x00,0x00,0x00,0x00,0x00,0x00,0x00,0x00,0x00,0x00,0x00,0x00,
    0x00,0x00,0x00,0x00,0x00,0x00,0x00,0x00,0x00,0x00,0x00,0x00,0x00,0x00,0x00,0x00,0x00,0x00,0x00,0x00,0x00,0x00,0x00,0x00,
    0x00,0x00,0x00,0x00,0x00,0x00,0x00,0x00,0x00,0x00,0x00,0x00,0x00,0x00,0x00,0x00,0x00,0x00,0x00,0x00,0x00,0x00,0x00,0x00,
    0x00,0x00,0x00,0x00,0x00,0x00,0x00,0x00,0x00,0x00,0x00,0x00,0x00,0x00,0x00,0x49,0x12,0x18,0x49,0x12,0x64,0x49,0x12,0xc0,
    0x49,0x12,0xff,0x49,0x12,0xff,0x49,0x12,0xff,0x49,0x12,0xff,0x49,0x12,0xff,0x49,0x12,0xff,0x49,0x12,0xff,0x49,0x12,0xff,
    0x49,0x12,0xff,0x49,0x12,0xff,0x49,0x12,0xff,0x49,0x12,0xff,0x49,0x12,0xff,0x49,0x12,0xff,0x49,0x12,0xff,0x49,0x12,0xff,
    0x49,0x12,0xff,0x49,0x12,0xff,0x49,0x12,0xff,0x49,0x12,0xff,0x49,0x12,0xff,0x49,0x12,0xff,0x49,0x12,0xdb,0x49,0x12,0x84,
    0x49,0x12,0x1b,0x00,0x00,0x00,0x00,0x00,0x00,0x00,0x00,0x00,0x00,0x00,0x00,0x00,0x00,0x00,0x00,0x00,0x00,0x00,0x00,0x00,
    0x49,0x12,0x04,0x49,0x12,0x60,0x49,0x12,0xdf,0x49,0x12,0xff,0x49,0x12,0xff,0x49,0x12,0xff,0x49,0x12,0xff,0x49,0x12,0xff,
    0x49,0x12,0xff,0x49,0x12,0xff,0x49,0x12,0xff,0x49,0x12,0xff,0x49,0x12,0xff,0x49,0x12,0xff,0x49,0x12,0xff,0x49,0x12,0xff,
    0x49,0x12,0xff,0x49,0x12,0xff,0x49,0x12,0xff,0x49,0x12,0xff,0x49,0x12,0xff,0x49,0x12,0xff,0x49,0x12,0xff,0x49,0x12,0xff,
    0x49,0x12,0xff,0x49,0x12,0xff,0x49,0x12,0xb5,0x49,0x12,0x34,0x49,0x12,0x04,0x00,0x00,0x00,0x00,0x00,0x00,0x00,0x00,0x00,
    0x00,0x00,0x00,0x49,0x12,0x20,0x49,0x12,0xa0,0x49,0x12,0xff,0x49,0x12,0xff,0x49,0x12,0xff,0x49,0x12,0xff,0x49,0x12,0xff,
    0x49,0x12,0xff,0x49,0x12,0xff,0x49,0x12,0xff,0x49,0x12,0xff,0x49,0x12,0xff,0x49,0x12,0xff,0x49,0x12,0xff,0x49,0x12,0xff,
    0x49,0x12,0xff,0x49,0x12,0xff,0x49,0x12,0xff,0x49,0x12,0xff,0x49,0x12,0xff,0x49,0x12,0xff,0x89,0x2a,0xff,0xa7,0x83,0xff,
    0x03,0xed,0xff,0x43,0xfd,0xff,0x43,0xfd,0xff,0x43,0xfd,0xff,0x43,0xfd,0xff,0x43,0xfd,0xff,0x43,0xfd,0xff,0x43,0xfd,0xff,
    0x43,0xfd,0xff,0x43,0xfd,0xff,0x43,0xfd,0xff,0x43,0xfd,0xf3,0x43,0xfd,0x83,0x43,0xfd,0x0c,0x00,0x00,0x00,0x00,0x00,0x00,
    0x49,0x12,0xc0,0x49,0x12,0xff,0x49,0x12,0xff,0x49,0x12,0xff,0x49,0x12,0xff,0x49,0x12,0xff,0x49,0x12,0xff,0x49,0x12,0xff,
    0x49,0x12,0xe0,0x49,0x12,0x40,0x00,0x00,0x00,0x00,0x00,0x00,0x00,0x00,0x00,0x00,0x00,0x00,0x00,0x00,0x00,0x00,0x00,0x00,
    0x00,0x00,0x00,0x00,0x00,0x00,0x00,0x00,0x00,0x00,0x00,0x00,0x00,0x00,0x00,0x00,0x00,0x00,0x00,0x00,0x00,0x00,0x00,0x00,
    0x00,0x00,0x00,0x00,0x00,0x00,0x00,0x00,0x00,0x00,0x00,0x00,0x49,0x12,0x1b,0x49,0x12,0x6b,0x49,0x12,0xda,0x49,0x12,0xff,
    0x49,0x12,0xff,0x49,0x12,0xff,0x49,0x12,0xff,0x49,0x12,0xff,0x49,0x12,0xff,0x49,0x12,0xff,0x49,0x12,0xff,0x49,0x12,0xff,
    0x49,0x12,0xff,0x49,0x12,0xff,0x49,0x12,0xff,0x49,0x12,0xff,0x49,0x12,0xff,0x49,0x12,0xff,0x49,0x12,0xff,0x49,0x12,0xff,
    0x49,0x12,0xff,0x49,0x12,0xff,0x49,0x12,0xff,0x49,0x12,0xff,0x49,0x12,0xa8,0x49,0x12,0x80,0x49,0x12,0xc5,0x49,0x12,0xf8,
    0x49,0x12,0xff,0x49,0x12,0xff,0x49,0x12,0xff,0x49,0x12,0xff,0x49,0x12,0xff,0x49,0x12,0xff,0x49,0x12,0xff,0x49,0x12,0xff,
    0x49,0x12,0xff,0x49,0x12,0xff,0x49,0x12,0xff,0x49,0x12,0xff,0x49,0x12,0xff,0x49,0x12,0xff,0x49,0x12,0xff,0x49,0x12,0xff,
    0x49,0x12,0xff,0x49,0x12,0xff,0x49,0x12,0xff,0x49,0x12,0xff,0x49,0x12,0xff,0x49,0x12,0xff,0x49,0x12,0xff,0x49,0x12,0xe5,
    0x49,0x12,0x83,0x49,0x12,0x28,0x00,0x00,0x00,0x00,0x00,0x00,0x00,0x00,0x00,0x49,0x12,0xaa,0x49,0x12,0xff,0x49,0x12,0xff,
    0x49,0x12,0xff,0x49,0x12,0xff,0x49,0x12,0xff,0x49,0x12,0xff,0x49,0x12,0xff,0x49,0x12,0xc0,0x49,0x12,0x2b,0x00,0x00,0x00,
    0x00,0x00,0x00,0x00,0x00,0x00,0x00,0x00,0x00,0x00,0x00,0x00,0x00,0x00,0x00,0x00,0x00,0x00,0x00,0x00,0x00,0x00,0x00,0x00,
    0x49,0x12,0x03,0x49,0x12,0x23,0x49,0x12,0x60,0x49,0x12,0xbc,0x49,0x12,0xfa,0x49,0x12,0xff,0x49,0x12,0xff,0x49,0x12,0xff,
    0x49,0x12,0xff,0x49,0x12,0xff,0x49,0x12,0xff,0x49,0x12,0xff,0x49,0x12,0xff,0x49,0x12,0xff,0x49,0x12,0xff,0x49,0x12,0xff,
    0x49,0x12,0xff,0x49,0x12,0xff,0x49,0x12,0x83,0x00,0x00,0x00,0x00,0x00,0x00,0x00,0x00,0x00,0x00,0x00,0x00,0x00,0x00,0x00,
    0x00,0x00,0x00,0x00,0x00,0x00,0x00,0x00,0x00,0x00,0x00,0x00,0x00,0x00,0x00,0x00,0x00,0x00,0x00,0x00,0x00,0x00,0x00,0x00,
    0x00,0x00,0x00,0x00,0x00,0x00,0x00,0x00,0x00,0x00,0x00,0x00,0x00,0x00,0x00,0x00,0x00,0x00,0x00,0x00,0x00,0x00,0x00,0x00,
    0x00,0x00,0x00,0x00,0x00,0x00,0x00,0x00,0x00,0x00,0x00,0x00,0x00,0x00,0x00,0x00,0x00,0x00,0x00,0x00,0x00,0x00,0x00,0x00,
    0x49,0x12,0x40,0x49,0x12,0xaa,0x49,0x12,0xe5,0x49,0x12,0xff,0x49,0x12,0xff,0x49,0x12,0xff,0x49,0x12,0xff,0x49,0x12,0xff,
    0x49,0x12,0xff,0x49,0x12,0xff,0x49,0x12,0xff,0x49,0x12,0xff,0x49,0x12,0xff,0x49,0x12,0xff,0x49,0x12,0xff,0x49,0x12,0xff,
    0x49,0x12,0xff,0x49,0x12,0xff,0x49,0x12,0xff,0x49,0x12,0xff,0x49,0x12,0xff,0x49,0x12,0xff,0x49,0x12,0xff,0x49,0x12,0xff,
    0x49,0x12,0xff,0x49,0x12,0xff,0x49,0x12,0xff,0x49,0x12,0xef,0x49,0x12,0x7c,0x49,0x12,0x0b,0x00,0x00,0x00,0x00,0x00,0x00,
    0x00,0x00,0x00,0x00,0x00,0x00,0x00,0x00,0x00,0x49,0x12,0x20,0x49,0x12,0x70,0x49,0x12,0xd6,0x49,0x12,0xff,0x49,0x12,0xff,
    0x49,0x12,0xff,0x49,0x12,0xff,0x49,0x12,0xff,0x49,0x12,0xff,0x49,0x12,0xff,0x49,0x12,0xff,0x49,0x12,0xff,0x49,0x12,0xff,
    0x49,0x12,0xff,0x49,0x12,0xff,0x49,0x12,0xff,0x49,0x12,0xff,0x49,0x12,0xff,0x49,0x12,0xff,0x49,0x12,0xff,0x49,0x12,0xff,
    0x49,0x12,0xff,0x49,0x12,0xff,0x49,0x12,0xff,0x49,0x12,0xff,0x49,0x12,0xff,0x49,0x12,0xff,0x49,0x12,0xf8,0x49,0x12,0xc5,
    0x49,0x12,0x73,0x49,0x12,0x17,0x00,0x00,0x00,0x00,0x00,0x00,0x00,0x00,0x00,0x49,0x12,0x13,0x49,0x12,0x8d,0x49,0x12,0xfc,
    0x49,0x12,0xff,0x49,0x12,0xff,0x49,0x12,0xff,0x49,0x12,0xff,0x49,0x12,0xff,0x49,0x12,0xff,0x49,0x12,0xff,0x49,0x12,0xff,
    0x49,0x12,0xff,0x49,0x12,0xff,0x49,0x12,0xff,0x49,0x12,0xff,0x49,0x12,0xff,0x49,0x12,0xff,0x49,0x12,0xff,0x49,0x12,0xff,
    0x49,0x12,0xff,0xa8,0x32,0xff,0xe6,0x93,0xff,0xe4,0xe4,0xff,0x43,0xfd,0xff,0x43,0xfd,0xff,0x43,0xfd,0xff,0x43,0xfd,0xff,
    0x43,0xfd,0xff,0x43,0xfd,0xff,0x43,0xfd,0xff,0x43,0xfd,0xff,0x43,0xfd,0xff,0x43,0xfd,0xf4,0x43,0xfd,0xba,0x43,0xfd,0x70,
    0x43,0xfd,0x1c,0x00,0x00,0x00,0x00,0x00,0x00,0x00,0x00,0x00,0x49,0x12,0xc0,0x49,0x12,0xff,0x49,0x12,0xff,0x49,0x12,0xff,
    0x49,0x12,0xff,0x49,0x12,0xff,0x49,0x12,0xff,0x49,0x12,0xff,0x49,0x12,0xe0,0x49,0x12,0x40,0x00,0x00,0x00,0x00,0x00,0x00,
    0x00,0x00,0x00,0x00,0x00,0x00,0x00,0x00,0x00,0x00,0x00,0x00,0x00,0x00,0x00,0x00,0x00,0x00,0x00,0x00,0x00,0x00,0x00,0x00,
    0x00,0x00,0x00,0x00,0x00,0x00,0x00,0x00,0x00,0x00,0x00,0x00,0x00,0x00,0x00,0x00,0x00,0x00,0x00,0x00,0x00,0x49,0x12,0x0b,
    0x49,0x12,0x74,0x49,0x12,0xe3,0x49,0x12,0xff,0x49,0x12,0xff,0x49,0x12,0xff,0x49,0x12,0xff,0x49,0x12,0xff,0x49,0x12,0xff,
    0x49,0x12,0xff,0x49,0x12,0xff,0x49,0x12,0xff,0x49,0x12,0xff,0x49,0x12,0xff,0x49,0x12,0xff,0x49,0x12,0xff,0x49,0x12,0xff,
    0x49,0x12,0xff,0x49,0x12,0xff,0x49,0x12,0xff,0x49,0x12,0xff,0x49,0x12,0xff,0x49,0x12,0xff,0x49,0x12,0xff,0x49,0x12,0xff,
    0x49,0x12,0xfa,0x49,0x12,0xfb,0x49,0x12,0xff,0x49,0x12,0xff,0x49,0x12,0xff,0x49,0x12,0xff,0x49,0x12,0xff,0x49,0x12,0xff,
    0x49,0x12,0xff,0x49,0x12,0xff,0x49,0x12,0xff,0x49,0x12,0xff,0x49,0x12,0xfa,0x49,0x12,0xe8,0x49,0x12,0xe0,0x49,0x12,0xe0,
    0x49,0x12,0xe0,0x49,0x12,0xef,0x49,0x12,0xff,0x49,0x12,0xff,0x49,0x12,0xff,0x49,0x12,0xff,0x49,0x12,0xff,0x49,0x12,0xff,
    0x49,0x12,0xff,0x49,0x12,0xff,0x49,0x12,0xff,0x49,0x12,0xff,0x49,0x12,0xf3,0x49,0x12,0x94,0x49,0x12,0x15,0x00,0x00,0x00,
    0x00,0x00,0x00,0x49,0x12,0xaa,0x49,0x12,0xff,0x49,0x12,0xff,0x49,0x12,0xff,0x49,0x12,0xff,0x49,0x12,0xff,0x49,0x12,0xff,
    0x49,0x12,0xff,0x49,0x12,0xc0,0x49,0x12,0x2b,0x00,0x00,0x00,0x00,0x00,0x00,0x00,0x00,0x00,0x00,0x00,0x00,0x00,0x00,0x00,
    0x00,0x00,0x00,0x00,0x00,0x00,0x00,0x00,0x00,0x00,0x00,0x00,0x49,0x12,0x54,0x49,0x12,0xb0,0x49,0x12,0xef,0x49,0x12,0xff,
    0x49,0x12,0xff,0x49,0x12,0xff,0x49,0x12,0xff,0x49,0x12,0xff,0x49,0x12,0xff,0x49,0x12,0xff,0x49,0x12,0xff,0x49,0x12,0xff,
    0x49,0x12,0xff,0x49,0x12,0xff,0x49,0x12,0xff,0x49,0x12,0xff,0x49,0x12,0xff,0x49,0x12,0xff,0x49,0x12,0xb8,0x49,0x12,0x18,
    0x00,0x00,0x00,0x00,0x00,0x00,0x00,0x00,0x00,0x00,0x00,0x00,0x00,0x00,0x00,0x00,0x00,0x00,0x00,0x00,0x00,0x00,0x00,0x00,
    0x00,0x00,0x00,0x00,0x00,0x00,0x00,0x00,0x00,0x00,0x00,0x00,0x00,0x00,0x00,0x00,0x00,0x00,0x00,0x00,0x00,0x00,0x00,0x00,
    0x00,0x00,0x00,0x00,0x00,0x00,0x00,0x00,0x00,0x00,0x00,0x00,0x00,0x00,0x00,0x00,0x00,0x00,0x00,0x00,0x00,0x00,0x00,0x00,
    0x00,0x00,0x00,0x00,0x00,0x00,0x00,0x00,0x00,0x49,0x12,0x20,0x49,0x12,0xb0,0x49,0x12,0xff,0x49,0x12,0xff,0x49,0x12,0xff,
    0x49,0x12,0xff,0x49,0x12,0xff,0x49,0x12,0xff,0x49,0x12,0xff,0x49,0x12,0xff,0x49,0x12,0xff,0x49,0x12,0xff,0x49,0x12,0xff,
    0x49,0x12,0xfb,0x49,0x12,0xe8,0x49,0x12,0xe0,0x49,0x12,0xe0,0x49,0x12,0xe8,0x49,0x12,0xfb,0x49,0x12,0xff,0x49,0x12,0xff,
    0x49,0x12,0xff,0x49,0x12,0xff,0x49,0x12,0xff,0x49,0x12,0xff,0x49,0x12,0xff,0x49,0x12,0xff,0x49,0x12,0xff,0x49,0x12,0xff,
    0x49,0x12,0xda,0x49,0x12,0x4c,0x49,0x12,0x04,0x00,0x00,0x00,0x00,0x00,0x00,0x00,0x00,0x00,0x49,0x12,0x15,0x49,0x12,0x8c,
    0x49,0x12,0xeb,0x49,0x12,0xff,0x49,0x12,0xff,0x49,0x12,0xff,0x49,0x12,0xff,0x49,0x12,0xff,0x49,0x12,0xff,0x49,0x12,0xff,
    0x49,0x12,0xff,0x49,0x12,0xff,0x49,0x12,0xff,0x49,0x12,0xff,0x49,0x12,0xff,0x49,0x12,0xff,0x49,0x12,0xff,0x49,0x12,0xff,
    0x49,0x12,0xff,0x49,0x12,0xff,0x49,0x12,0xff,0x49,0x12,0xff,0x49,0x12,0xff,0x49,0x12,0xff,0x49,0x12,0xff,0x49,0x12,0xff,
    0x49,0x12,0xff,0x49,0x12,0xff,0x49,0x12,0xff,0x49,0x12,0xff,0x49,0x12,0xef,0x49,0x12,0x63,0x00,0x00,0x00,0x00,0x00,0x00,
    0x00,0x00,0x00,0x00,0x00,0x00,0x49,0x12,0x4c,0x49,0x12,0xdd,0x49,0x12,0xff,0x49,0x12,0xff,0x49,0x12,0xff,0x49,0x12,0xff,
    0x49,0x12,0xff,0x49,0x12,0xff,0x49,0x12,0xff,0x49,0x12,0xff,0x49,0x12,0xff,0x49,0x12,0xff,0x49,0x12,0xff,0x49,0x12,0xff,
    0x49,0x12,0xff,0x49,0x12,0xff,0x49,0x12,0xff,0x49,0x12,0xff,0x49,0x12,0xff,0x87,0x73,0xff,0x23,0xed,0xff,0x43,0xfd,0xff,
    0x43,0xfd,0xff,0x43,0xfd,0xff,0x43,0xfd,0xff,0x43,0xfd,0xff,0x43,0xfd,0xff,0x43,0xfd,0xff,0x43,0xfd,0xff,0x43,0xfd,0xff,
    0x43,0xfd,0xff,0x43,0xfd,0xad,0x43,0xfd,0x28,0x00,0x00,0x00,0x00,0x00,0x00,0x00,0x00,0x00,0x00,0x00,0x00,0x00,0x00,0x00,
    0x49,0x12,0xc0,0x49,0x12,0xff,0x49,0x12,0xff,0x49,0x12,0xff,0x49,0x12,0xff,0x49,0x12,0xff,0x49,0x12,0xff,0x49,0x12,0xff,
    0x49,0x12,0xef,0x49,0x12,0xa0,0x49,0x12,0x80,0x49,0x12,0x80,0x49,0x12,0x80,0x49,0x12,0x80,0x49,0x12,0x80,0x49,0x12,0x80,
    0x49,0x12,0x80,0x49,0x12,0x80,0x49,0x12,0x80,0x49,0x12,0x80,0x49,0x12,0x78,0x49,0x12,0x53,0x49,0x12,0x18,0x00,0x00,0x00,
    0x00,0x00,0x00,0x00,0x00,0x00,0x00,0x00,0x00,0x49,0x12,0x2b,0x49,0x12,0xc0,0x49,0x12,0xff,0x49,0x12,0xff,0x49,0x12,0xff,
    0x49,0x12,0xff,0x49,0x12,0xff,0x49,0x12,0xff,0x49,0x12,0xff,0x49,0x12,0xff,0x49,0x12,0xff,0x49,0x12,0xff,0x49,0x12,0xff,
    0x49,0x12,0xff,0x49,0x12,0xff,0x49,0x12,0xff,0x49,0x12,0xff,0x49,0x12,0xff,0x49,0x12,0xff,0x49,0x12,0xff,0x49,0x12,0xff,
    0x49,0x12,0xff,0x49,0x12,0xff,0x49,0x12,0xff,0x49,0x12,0xff,0x49,0x12,0xfe,0x49,0x12,0xff,0x49,0x12,0xff,0x49,0x12,0xff,
    0x49,0x12,0xff,0x49,0x12,0xff,0x49,0x12,0xff,0x49,0x12,0xff,0x49,0x12,0xff,0x49,0x12,0xff,0x49,0x12,0xe7,0x49,0x12,0xbc,
    0x49,0x12,0x8a,0x49,0x12,0x68,0x49,0x12,0x60,0x49,0x12,0x60,0x49,0x12,0x60,0x49,0x12,0x70,0x49,0x12,0xa5,0x49,0x12,0xe4,
    0x49,0x12,0xfb,0x49,0x12,0xff,0x49,0x12,0xff,0x49,0x12,0xff,0x49,0x12,0xff,0x49,0x12,0xff,0x49,0x12,0xff,0x49,0x12,0xff,
    0x49,0x12,0xff,0x49,0x12,0xdc,0x49,0x12,0x40,0x00,0x00,0x00,0x00,0x00,0x00,0x49,0x12,0xaa,0x49,0x12,0xff,0x49,0x12,0xff,
    0x49,0x12,0xff,0x49,0x12,0xff,0x49,0x12,0xff,0x49,0x12,0xff,0x49,0x12,0xff,0x49,0x12,0xc0,0x49,0x12,0x2b,0x00,0x00,0x00,
    0x00,0x00,0x00,0x00,0x00,0x00,0x00,0x00,0x00,0x00,0x00,0x00,0x00,0x00,0x00,0x00,0x00,0x00,0x00,0x00,0x00,0x49,0x12,0x24,
    0x49,0x12,0xd0,0x49,0x12,0xfb,0x49,0x12,0xff,0x49,0x12,0xff,0x49,0x12,0xff,0x49,0x12,0xff,0x49,0x12,0xff,0x49,0x12,0xff,
    0x49,0x12,0xff,0x49,0x12,0xff,0x49,0x12,0xff,0x49,0x12,0xff,0x49,0x12,0xff,0x49,0x12,0xff,0x49,0x12,0xff,0x49,0x12,0xff,
    0x49,0x12,0xff,0x49,0x12,0xff,0x49,0x12,0xda,0x49,0x12,0x48,0x00,0x00,0x00,0x00,0x00,0x00,0x00,0x00,0x00,0x00,0x00,0x00,
    0x00,0x00,0x00,0x00,0x00,0x00,0x00,0x00,0x00,0x00,0x00,0x00,0x00,0x00,0x00,0x00,0x00,0x00,0x00,0x00,0x00,0x00,0x00,0x00,
    0x00,0x00,0x00,0x00,0x00,0x00,0x00,0x00,0x00,0x00,0x00,0x00,0x00,0x00,0x00,0x00,0x00,0x00,0x00,0x00,0x00,0x00,0x00,0x00,
    0x00,0x00,0x00,0x00,0x00,0x00,0x00,0x00,0x00,0x00,0x00,0x00,0x00,0x00,0x00,0x00,0x00,0x00,0x49,0x12,0x18,0x49,0x12,0x78,
    0x49,0x12,0xea,0x49,0x12,0xff,0x49,0x12,0xff,0x49,0x12,0xff,0x49,0x12,0xff,0x49,0x12,0xff,0x49,0x12,0xff,0x49,0x12,0xff,
    0x49,0x12,0xff,0x49,0x12,0xff,0x49,0x12,0xe2,0x49,0x12,0xa8,0x49,0x12,0x88,0x49,0x12,0x68,0x49,0x12,0x60,0x49,0x12,0x60,
    0x49,0x12,0x68,0x49,0x12,0x84,0x49,0x12,0xa4,0x49,0x12,0xe2,0x49,0x12,0xff,0x49,0x12,0xff,0x49,0x12,0xff,0x49,0x12,0xff,
    0x49,0x12,0xff,0x49,0x12,0xff,0x49,0x12,0xff,0x49,0x12,0xff,0x49,0x12,0xfa,0x49,0x12,0x98,0x49,0x12,0x20,0x00,0x00,0x00,
    0x00,0x00,0x00,0x00,0x00,0x00,0x49,0x12,0x4b,0x49,0x12,0xdf,0x49,0x12,0xff,0x49,0x12,0xff,0x49,0x12,0xff,0x49,0x12,0xff,
    0x49,0x12,0xff,0x49,0x12,0xff,0x49,0x12,0xff,0x49,0x12,0xff,0x49,0x12,0xff,0x49,0x12,0xff,0x49,0x12,0xff,0x49,0x12,0xff,
    0x49,0x12,0xff,0x49,0x12,0xff,0x49,0x12,0xff,0x49,0x12,0xff,0x49,0x12,0xff,0x49,0x12,0xff,0x49,0x12,0xff,0x49,0x12,0xff,
    0x49,0x12,0xff,0x49,0x12,0xff,0x49,0x12,0xff,0x49,0x12,0xff,0x49,0x12,0xff,0x49,0x12,0xff,0x49,0x12,0xff,0x49,0x12,0xff,
    0x49,0x12,0xff,0x49,0x12,0xa2,0x49,0x12,0x10,0x00,0x00,0x00,0x00,0x00,0x00,0x00,0x00,0x00,0x49,0x12,0x14,0x49,0x12,0x92,
    0x49,0x12,0xf3,0x49,0x12,0xff,0x49,0x12,0xff,0x49,0x12,0xff,0x49,0x12,0xff,0x49,0x12,0xff,0x49,0x12,0xff,0x49,0x12,0xff,
    0x49,0x12,0xff,0x49,0x12,0xff,0x49,0x12,0xff,0x49,0x12,0xff,0x49,0x12,0xff,0x49,0x12,0xff,0x49,0x12,0xff,0x49,0x12,0xff,
    0x88,0x2a,0xff,0x45,0xb4,0xff,0x43,0xfd,0xff,0x43,0xfd,0xff,0x43,0xfd,0xff,0x43,0xfd,0xff,0x43,0xfd,0xff,0x43,0xfd,0xff,
    0x43,0xfd,0xff,0x43,0xfd,0xff,0x43,0xfd,0xff,0x43,0xfd,0xfb,0x43,0xfd,0xd4,0x43,0xfd,0x4d,0x00,0x00,0x00,0x00,0x00,0x00,
    0x00,0x00,0x00,0x00,0x00,0x00,0x00,0x00,0x00,0x00,0x00,0x00,0x49,0x12,0xc0,0x49,0x12,0xff,0x49,0x12,0xff,0x49,0x12,0xff,
    0x49,0x12,0xff,0x49,0x12,0xff,0x49,0x12,0xff,0x49,0x12,0xff,0x49,0x12,0xff,0x49,0x12,0xff,0x49,0x12,0xff,0x49,0x12,0xff,
    0x49,0x12,0xff,0x49,0x12,0xff,0x49,0x12,0xff,0x49,0x12,0xff,0x49,0x12,0xff,0x49,0x12,0xff,0x49,0x12,0xff,0x49,0x12,0xff,
    0x49,0x12,0xfa,0x49,0x12,0xe1,0x49,0x12,0xb2,0x49,0x12,0x68,0x49,0x12,0x12,0x00,0x00,0x00,0x00,0x00,0x00,0x49,0x12,0x67,
    0x49,0x12,0xf5,0x49,0x12,0xff,0x49,0x12,0xff,0x49,0x12,0xff,0x49,0x12,0xff,0x49,0x12,0xff,0x49,0x12,0xff,0x49,0x12,0xff,
    0x49,0x12,0xff,0x49,0x12,0xfd,0x49,0x12,0xe5,0x49,0x12,0xaa,0x49,0x12,0x7d,0x49,0x12,0x6a,0x49,0x12,0x5a,0x49,0x12,0x55,
    0x49,0x12,0x55,0x49,0x12,0x61,0x49,0x12,0x75,0x49,0x12,0x88,0x49,0x12,0xac,0x49,0x12,0xdd,0x49,0x12,0xf7,0x49,0x12,0xff,
    0x49,0x12,0xff,0x49,0x12,0xff,0x49,0x12,0xff,0x49,0x12,0xff,0x49,0x12,0xff,0x49,0x12,0xff,0x49,0x12,0xff,0x49,0x12,0xfd,
    0x49,0x12,0xdd,0x49,0x12,0x8e,0x49,0x12,0x4b,0x49,0x12,0x28,0x49,0x12,0x0b,0x00,0x00,0x00,0x00,0x00,0x00,0x00,0x00,0x00,
    0x00,0x00,0x00,0x00,0x00,0x00,0x49,0x12,0x19,0x49,0x12,0x48,0x49,0x12,0x75,0x49,0x12,0xcf,0x49,0x12,0xff,0x49,0x12,0xff,
    0x49,0x12,0xff,0x49,0x12,0xff,0x49,0x12,0xff,0x49,0x12,0xff,0x49,0x12,0xff,0x49,0x12,0xfd,0x49,0x12,0x73,0x00,0x00,0x00,
    0x00,0x00,0x00,0x49,0x12,0xaa,0x49,0x12,0xff,0x49,0x12,0xff,0x49,0x12,0xff,0x49,0x12,0xff,0x49,0x12,0xff,0x49,0x12,0xff,
    0x49,0x12,0xff,0x49,0x12,0xc0,0x49,0x12,0x2b,0x00,0x00,0x00,0x00,0x00,0x00,0x00,0x00,0x00,0x00,0x00,0x00,0x00,0x00,0x00,
    0x49,0x12,0x0b,0x49,0x12,0x40,0x49,0x12,0x7d,0x49,0x12,0xba,0x49,0x12,0xff,0x49,0x12,0xff,0x49,0x12,0xff,0x49,0x12,0xff,
    0x49,0x12,0xff,0x49,0x12,0xff,0x49,0x12,0xff,0x49,0x12,0xff,0x49,0x12,0xff,0x49,0x12,0xfa,0x49,0x12,0xf8,0x49,0x12,0xff,
    0x49,0x12,0xff,0x49,0x12,0xff,0x49,0x12,0xff,0x49,0x12,0xff,0x49,0x12,0xff,0x49,0x12,0xff,0x49,0x12,0xf8,0x49,0x12,0x95,
    0x49,0x12,0x20,0x00,0x00,0x00,0x00,0x00,0x00,0x00,0x00,0x00,0x00,0x00,0x00,0x00,0x00,0x00,0x00,0x00,0x00,0x00,0x00,0x00,
    0x00,0x00,0x00,0x00,0x00,0x00,0x00,0x00,0x00,0x00,0x00,0x00,0x00,0x00,0x00,0x00,0x00,0x00,0x00,0x00,0x00,0x00,0x00,0x00,
    0x00,0x00,0x00,0x00,0x00,0x00,0x00,0x00,0x00,0x00,0x00,0x00,0x00,0x00,0x00,0x00,0x00,0x00,0x00,0x00,0x00,0x00,0x00,0x00,
    0x00,0x00,0x00,0x49,0x12,0x19,0x49,0x12,0x88,0x49,0x12,0xe2,0x49,0x12,0xff,0x49,0x12,0xff,0x49,0x12,0xff,0x49,0x12,0xff,
    0x49,0x12,0xff,0x49,0x12,0xff,0x49,0x12,0xff,0x49,0x12,0xf4,0x49,0x12,0xc2,0x49,0x12,0x8d,0x49,0x12,0x4c,0x49,0x12,0x1b,
    0x49,0x12,0x08,0x00,0x00,0x00,0x00,0x00,0x00,0x00,0x00,0x00,0x00,0x00,0x00,0x49,0x12,0x05,0x49,0x12,0x18,0x49,0x12,0x4c,
    0x49,0x12,0x95,0x49,0x12,0xd8,0x49,0x12,0xfd,0x49,0x12,0xff,0x49,0x12,0xff,0x49,0x12,0xff,0x49,0x12,0xff,0x49,0x12,0xff,
    0x49,0x12,0xff,0x49,0x12,0xe2,0x49,0x12,0x6b,0x49,0x12,0x05,0x00,0x00,0x00,0x49,0x12,0x10,0x49,0x12,0x9a,0x49,0x12,0xff,
    0x49,0x12,0xff,0x49,0x12,0xff,0x49,0x12,0xff,0x49,0x12,0xff,0x49,0x12,0xff,0x49,0x12,0xff,0x49,0x12,0xff,0x49,0x12,0xff,
    0x49,0x12,0xf2,0x49,0x12,0xcf,0x49,0x12,0x9e,0x49,0x12,0x7a,0x49,0x12,0x6d,0x49,0x12,0x61,0x49,0x12,0x5d,0x49,0x12,0x68,
    0x49,0x12,0x75,0x49,0x12,0x92,0x49,0x12,0xb0,0x49,0x12,0xd5,0x49,0x12,0xff,0x49,0x12,0xff,0x49,0x12,0xff,0x49,0x12,0xff,
    0x49,0x12,0xff,0x49,0x12,0xff,0x49,0x12,0xff,0x49,0x12,0xff,0x49,0x12,0xff,0x49,0x12,0xe6,0x49,0x12,0x6b,0x49,0x12,0x10,
    0x00,0x00,0x00,0x00,0x00,0x00,0x00,0x00,0x00,0x49,0x12,0x20,0x49,0x12,0x4d,0x49,0x12,0x60,0x49,0x12,0x6a,0x49,0x12,0x6a,
    0x49,0x12,0x6a,0x49,0x12,0x6a,0x49,0x12,0x6a,0x49,0x12,0x6a,0x49,0x12,0x6a,0x49,0x12,0x6a,0x49,0x12,0x6a,0x49,0x12,0x6a,
    0x49,0x12,0x6a,0x49,0x12,0x6a,0x68,0x1a,0x6c,0x47,0x63,0x9d,0x45,0xac,0xe5,0x23,0xed,0xff,0x43,0xfd,0xff,0x43,0xfd,0xff,
    0x43,0xfd,0xff,0x43,0xfd,0xff,0x43,0xfd,0xff,0x43,0xfd,0xff,0x43,0xfd,0xff,0x43,0xfd,0xff,0x43,0xfd,0xdf,0x43,0xfd,0x88,
    0x43,0xfd,0x40,0x43,0xfd,0x0b,0x00,0x00,0x00,0x00,0x00,0x00,0x00,0x00,0x00,0x00,0x00,0x00,0x00,0x00,0x00,0x00,0x00,0x00,
    0x49,0x12,0xc0,0x49,0x12,0xff,0x49,0x12,0xff,0x49,0x12,0xff,0x49,0x12,0xff,0x49,0x12,0xff,0x49,0x12,0xff,0x49,0x12,0xff,
    0x49,0x12,0xff,0x49,0x12,0xff,0x49,0x12,0xff,0x49,0x12,0xff,0x49,0x12,0xff,0x49,0x12,0xff,0x49,0x12,0xff,0x49,0x12,0xff,
    0x49,0x12,0xff,0x49,0x12,0xff,0x49,0x12,0xff,0x49,0x12,0xff,0x49,0x12,0xff,0x49,0x12,0xff,0x49,0x12,0xff,0x49,0x12,0xe0,
    0x49,0x12,0x40,0x00,0x00,0x00,0x00,0x00,0x00,0x49,0x12,0x98,0x49,0x12,0xff,0x49,0x12,0xff,0x49,0x12,0xff,0x49,0x12,0xff,
    0x49,0x12,0xff,0x49,0x12,0xff,0x49,0x12,0xff,0x49,0x12,0xff,0x49,0x12,0xf7,0x49,0x12,0xb8,0x49,0x12,0x60,0x49,0x12,0x13,
    0x00,0x00,0x00,0x00,0x00,0x00,0x00,0x00,0x00,0x00,0x00,0x00,0x00,0x00,0x00,0x00,0x00,0x00,0x00,0x00,0x00,0x00,0x00,0x00,
    0x49,0x12,0x10,0x49,0x12,0x80,0x49,0x12,0xe8,0x49,0x12,0xff,0x49,0x12,0xff,0x49,0x12,0xff,0x49,0x12,0xff,0x49,0x12,0xff,
    0x49,0x12,0xff,0x49,0x12,0xff,0x49,0x12,0xfd,0x49,0x12,0xc4,0x49,0x12,0x58,0x49,0x12,0x0b,0x00,0x00,0x00,0x00,0x00,0x00,
    0x00,0x00,0x00,0x00,0x00,0x00,0x00,0x00,0x00,0x00,0x00,0x00,0x00,0x00,0x00,0x00,0x00,0x00,0x00,0x00,0x00,0x00,0x00,0x00,
    0x00,0x00,0x00,0x49,0x12,0x63,0x49,0x12,0xeb,0x49,0x12,0xff,0x49,0x12,0xff,0x49,0x12,0xff,0x49,0x12,0xff,0x49,0x12,0xff,
    0x49,0x12,0xff,0x49,0x12,0xff,0x49,0x12,0x9d,0x00,0x00,0x00,0x00,0x00,0x00,0x49,0x12,0xaa,0x49,0x12,0xff,0x49,0x12,0xff,
    0x49,0x12,0xff,0x49,0x12,0xff,0x49,0x12,0xff,0x49,0x12,0xff,0x49,0x12,0xff,0x49,0x12,0xc0,0x49,0x12,0x2b,0x00,0x00,0x00,
    0x00,0x00,0x00,0x00,0x00,0x00,0x00,0x00,0x00,0x49,0x12,0x04,0x49,0x12,0x58,0x49,0x12,0xd4,0x49,0x12,0xfb,0x49,0x12,0xff,
    0x49,0x12,0xff,0x49,0x12,0xff,0x49,0x12,0xff,0x49,0x12,0xff,0x49,0x12,0xff,0x49,0x12,0xff,0x49,0x12,0xff,0x49,0x12,0xff,
    0x49,0x12,0xff,0x49,0x12,0xbb,0x49,0x12,0xa9,0x49,0x12,0xf3,0x49,0x12,0xff,0x49,0x12,0xff,0x49,0x12,0xff,0x49,0x12,0xff,
    0x49,0x12,0xff,0x49,0x12,0xff,0x49,0x12,0xff,0x49,0x12,0xe4,0x49,0x12,0x68,0x49,0x12,0x03,0x00,0x00,0x00,0x00,0x00,0x00,
    0x00,0x00,0x00,0x00,0x00,0x00,0x00,0x00,0x00,0x00,0x00,0x00,0x00,0x00,0x00,0x00,0x00,0x00,0x00,0x00,0x00,0x00,0x00,0x00,
    0x00,0x00,0x00,0x00,0x00,0x00,0x00,0x00,0x00,0x00,0x00,0x00,0x00,0x00,0x00,0x00,0x00,0x00,0x00,0x00,0x00,0x00,0x00,0x00,
    0x00,0x00,0x00,0x00,0x00,0x00,0x00,0x00,0x00,0x00,0x00,0x00,0x00,0x00,0x00,0x49,0x12,0x5b,0x49,0x12,0xef,0x49,0x12,0xff,
    0x49,0x12,0xff,0x49,0x12,0xff,0x49,0x12,0xff,0x49,0x12,0xff,0x49,0x12,0xff,0x49,0x12,0xff,0x49,0x12,0xff,0x49,0x12,0xad,
    0x49,0x12,0x2c,0x49,0x12,0x04,0x00,0x00,0x00,0x00,0x00,0x00,0x00,0x00,0x00,0x00,0x00,0x00,0x00,0x00,0x00,0x00,0x00,0x00,
    0x00,0x00,0x00,0x00,0x00,0x00,0x00,0x00,0x00,0x00,0x00,0x00,0x49,0x12,0x0c,0x49,0x12,0x58,0x49,0x12,0xdd,0x49,0x12,0xff,
    0x49,0x12,0xff,0x49,0x12,0xff,0x49,0x12,0xff,0x49,0x12,0xff,0x49,0x12,0xff,0x49,0x12,0xff,0x49,0x12,0xa8,0x49,0x12,0x1b,
    0x00,0x00,0x00,0x49,0x12,0x4c,0x49,0x12,0xdd,0x49,0x12,0xff,0x49,0x12,0xff,0x49,0x12,0xff,0x49,0x12,0xff,0x49,0x12,0xff,
    0x49,0x12,0xff,0x49,0x12,0xff,0x49,0x12,0xff,0x49,0x12,0xdf,0x49,0x12,0x80,0x49,0x12,0x38,0x49,0x12,0x08,0x00,0x00,0x00,
    0x00,0x00,0x00,0x00,0x00,0x00,0x00,0x00,0x00,0x00,0x00,0x00,0x00,0x00,0x00,0x00,0x00,0x00,0x49,0x12,0x10,0x49,0x12,0x40,
    0x49,0x12,0xd7,0x49,0x12,0xff,0x49,0x12,0xff,0x49,0x12,0xff,0x49,0x12,0xff,0x49,0x12,0xff,0x49,0x12,0xff,0x49,0x12,0xff,
    0x49,0x12,0xff,0x49,0x12,0xff,0x49,0x12,0xcc,0x49,0x12,0x4c,0x00,0x00,0x00,0x00,0x00,0x00,0x00,0x00,0x00,0x00,0x00,0x00,
    0x00,0x00,0x00,0x00,0x00,0x00,0x00,0x00,0x00,0x00,0x00,0x00,0x00,0x00,0x00,0x00,0x00,0x00,0x00,0x00,0x00,0x00,0x00,0x00,
    0x00,0x00,0x00,0x00,0x00,0x00,0x00,0x00,0x00,0x00,0x00,0x00,0x00,0x00,0x00,0x00,0x00,0x00,0x43,0xfd,0x23,0x43,0xfd,0xb0,
    0x43,0xfd,0xfb,0x43,0xfd,0xff,0x43,0xfd,0xff,0x43,0xfd,0xff,0x43,0xfd,0xff,0x43,0xfd,0xff,0x43,0xfd,0xff,0x43,0xfd,0xff,
    0x43,0xfd,0xff,0x43,0xfd,0xef,0x43,0xfd,0x75,0x43,0xfd,0x08,0x00,0x00,0x00,0x00,0x00,0x00,0x00,0x00,0x00,0x00,0x00,0x00,
    0x00,0x00,0x00,0x00,0x00,0x00,0x00,0x00,0x00,0x00,0x00,0x00,0x49,0x12,0xc0,0x49,0x12,0xff,0x49,0x12,0xff,0x49,0x12,0xff,
    0x49,0x12,0xff,0x49,0x12,0xff,0x49,0x12,0xff,0x49,0x12,0xff,0x49,0x12,0xff,0x49,0x12,0xff,0x49,0x12,0xff,0x49,0x12,0xff,
    0x49,0x12,0xff,0x49,0x12,0xff,0x49,0x12,0xff,0x49,0x12,0xff,0x49,0x12,0xff,0x49,0x12,0xff,0x49,0x12,0xff,0x49,0x12,0xff,
    0x49,0x12,0xff,0x49,0x12,0xff,0x49,0x12,0xff,0x49,0x12,0xfb,0x49,0x12,0x58,0x00,0x00,0x00,0x49,0x12,0x0c,0x49,0x12,0xb0,
    0x49,0x12,0xff,0x49,0x12,0xff,0x49,0x12,0xff,0x49,0x12,0xff,0x49,0x12,0xff,0x49,0x12,0xff,0x49,0x12,0xff,0x49,0x12,0xff,
    0x49,0x12,0xd0,0x49,0x12,0x44,0x49,0x12,0x08,0x00,0x00,0x00,0x00,0x00,0x00,0x00,0x00,0x00,0x00,0x00,0x00,0x00,0x00,0x00,
    0x00,0x00,0x00,0x00,0x00,0x00,0x00,0x00,0x00,0x00,0x00,0x00,0x49,0x12,0x10,0x49,0x12,0x8c,0x49,0x12,0xf3,0x49,0x12,0xff,
    0x49,0x12,0xff,0x49,0x12,0xff,0x49,0x12,0xff,0x49,0x12,0xff,0x49,0x12,0xff,0x49,0x12,0xff,0x49,0x12,0xd8,0x49,0x12,0x54,
    0x49,0x12,0x0c,0x00,0x00,0x00,0x00,0x00,0x00,0x00,0x00,0x00,0x00,0x00,0x00,0x00,0x00,0x00,0x00,0x00,0x00,0x00,0x00,0x00,
    0x00,0x00,0x00,0x00,0x00,0x00,0x00,0x00,0x00,0x00,0x00,0x00,0x00,0x00,0x00,0x49,0x12,0x23,0x49,0x12,0xb4,0x49,0x12,0xff,
    0x49,0x12,0xff,0x49,0x12,0xff,0x49,0x12,0xff,0x49,0x12,0xff,0x49,0x12,0xff,0x49,0x12,0xff,0x49,0x12,0xb2,0x49,0x12,0x0c,
    0x00,0x00,0x00,0x49,0x12,0xaa,0x49,0x12,0xff,0x49,0x12,0xff,0x49,0x12,0xff,0x49,0x12,0xff,0x49,0x12,0xff,0x49,0x12,0xff,
    0x49,0x12,0xff,0x49,0x12,0xc0,0x49,0x12,0x2b,0x00,0x00,0x00,0x00,0x00,0x00,0x00,0x00,0x00,0x49,0x12,0x0c,0x49,0x12,0x48,
    0x49,0x12,0xc2,0x49,0x12,0xff,0x49,0x12,0xff,0x49,0x12,0xff,0x49,0x12,0xff,0x49,0x12,0xff,0x49,0x12,0xff,0x49,0x12,0xff,
    0x49,0x12,0xff,0x49,0x12,0xff,0x49,0x12,0xff,0x49,0x12,0xfb,0x49,0x12,0xd0,0x49,0x12,0x50,0x49,0x12,0x4c,0x49,0x12,0xcc,
    0x49,0x12,0xff,0x49,0x12,0xff,0x49,0x12,0xff,0x49,0x12,0xff,0x49,0x12,0xff,0x49,0x12,0xff,0x49,0x12,0xff,0x49,0x12,0xfb,
    0x49,0x12,0x98,0x49,0x12,0x13,0x00,0x00,0x00,0x00,0x00,0x00,0x00,0x00,0x00,0x00,0x00,0x00,0x00,0x00,0x00,0x00,0x00,0x00,
    0x00,0x00,0x00,0x00,0x00,0x00,0x00,0x00,0x00,0x00,0x00,0x00,0x00,0x00,0x00,0x00,0x00,0x00,0x00,0x00,0x00,0x00,0x00,0x00,
    0x00,0x00,0x00,0x00,0x00,0x00,0x00,0x00,0x00,0x00,0x00,0x00,0x00,0x00,0x00,0x00,0x00,0x00,0x00,0x00,0x00,0x00,0x00,0x00,
    0x00,0x00,0x00,0x49,0x12,0x8a,0x49,0x12,0xff,0x49,0x12,0xff,0x49,0x12,0xff,0x49,0x12,0xff,0x49,0x12,0xff,0x49,0x12,0xff,
    0x49,0x12,0xff,0x49,0x12,0xff,0x49,0x12,0xe3,0x49,0x12,0x55,0x00,0x00,0x00,0x00,0x00,0x00,0x00,0x00,0x00,0x00,0x00,0x00,
    0x00,0x00,0x00,0x00,0x00,0x00,0x00,0x00,0x00,0x00,0x00,0x00,0x00,0x00,0x00,0x00,0x00,0x00,0x00,0x00,0x00,0x00,0x00,0x00,
    0x00,0x00,0x00,0x49,0x12,0x10,0x49,0x12,0xaa,0x49,0x12,0xff,0x49,0x12,0xff,0x49,0x12,0xff,0x49,0x12,0xff,0x49,0x12,0xff,
    0x49,0x12,0xff,0x49,0x12,0xff,0x49,0x12,0xc4,0x49,0x12,0x2d,0x49,0x12,0x0c,0x49,0x12,0x80,0x49,0x12,0xf7,0x49,0x12,0xff,
    0x49,0x12,0xff,0x49,0x12,0xff,0x49,0x12,0xff,0x49,0x12,0xff,0x49,0x12,0xff,0x49,0x12,0xff,0x49,0x12,0xfb,0x49,0x12,0x90,
    0x49,0x12,0x14,0x00,0x00,0x00,0x00,0x00,0x00,0x00,0x00,0x00,0x00,0x00,0x00,0x00,0x00,0x00,0x00,0x00,0x00,0x00,0x00,0x00,
    0x00,0x00,0x00,0x00,0x00,0x00,0x00,0x00,0x00,0x00,0x00,0x00,0x49,0x12,0x68,0x49,0x12,0xcf,0x49,0x12,0xff,0x49,0x12,0xff,
    0x49,0x12,0xff,0x49,0x12,0xff,0x49,0x12,0xff,0x49,0x12,0xff,0x49,0x12,0xff,0x49,0x12,0xff,0x49,0x12,0xf3,0x49,0x12,0x80,
    0x49,0x12,0x08,0x00,0x00,0x00,0x00,0x00,0x00,0x00,0x00,0x00,0x00,0x00,0x00,0x00,0x00,0x00,0x00,0x00,0x00,0x00,0x00,0x00,
    0x00,0x00,0x00,0x00,0x00,0x00,0x00,0x00,0x00,0x00,0x00,0x00,0x00,0x00,0x00,0x00,0x00,0x00,0x00,0x00,0x00,0x00,0x00,0x00,
    0x00,0x00,0x00,0x00,0x00,0x00,0x43,0xfd,0x63,0x43,0xfd,0xef,0x43,0xfd,0xff,0x43,0xfd,0xff,0x43,0xfd,0xff,0x43,0xfd,0xff,
    0x43,0xfd,0xff,0x43,0xfd,0xff,0x43,0xfd,0xff,0x43,0xfd,0xff,0x43,0xfd,0xe7,0x43,0xfd,0x98,0x43,0xfd,0x23,0x00,0x00,0x00,
    0x00,0x00,0x00,0x00,0x00,0x00,0x00,0x00,0x00,0x00,0x00,0x00,0x00,0x00,0x00,0x00,0x00,0x00,0x00,0x00,0x00,0x00,0x00,0x00,
    0x49,0x12,0xc0,0x49,0x12,0xff,0x49,0x12,0xff,0x49,0x12,0xff,0x49,0x12,0xff,0x49,0x12,0xff,0x49,0x12,0xff,0x49,0x12,0xff,
    0x49,0x12,0xff,0x49,0x12,0xff,0x49,0x12,0xff,0x49,0x12,0xff,0x49,0x12,0xff,0x49,0x12,0xff,0x49,0x12,0xff,0x49,0x12,0xff,
    0x49,0x12,0xff,0x49,0x12,0xff,0x49,0x12,0xff,0x49,0x12,0xff,0x49,0x12,0xff,0x49,0x12,0xff,0x49,0x12,0xff,0x49,0x12,0xff,
    0x49,0x12,0x61,0x00,0x00,0x00,0x49,0x12,0x2d,0x49,0x12,0xc8,0x49,0x12,0xff,0x49,0x12,0xff,0x49,0x12,0xff,0x49,0x12,0xff,
    0x49,0x12,0xff,0x49,0x12,0xff,0x49,0x12,0xff,0x49,0x12,0xf7,0x49,0x12,0x77,0x49,0x12,0x05,0x00,0x00,0x00,0x00,0x00,0x00,
    0x00,0x00,0x00,0x00,0x00,0x00,0x00,0x00,0x00,0x00,0x00,0x00,0x00,0x00,0x00,0x00,0x00,0x00,0x00,0x00,0x00,0x00,0x00,0x00,
    0x49,0x12,0x47,0x49,0x12,0xdf,0x49,0x12,0xff,0x49,0x12,0xff,0x49,0x12,0xff,0x49,0x12,0xff,0x49,0x12,0xff,0x49,0x12,0xff,
    0x49,0x12,0xff,0x49,0x12,0xef,0x49,0x12,0x72,0x49,0x12,0x08,0x00,0x00,0x00,0x00,0x00,0x00,0x00,0x00,0x00,0x00,0x00,0x00,
    0x00,0x00,0x00,0x00,0x00,0x00,0x00,0x00,0x00,0x00,0x00,0x00,0x00,0x00,0x00,0x00,0x00,0x00,0x00,0x00,0x00,0x00,0x00,0x00,
    0x00,0x00,0x00,0x49,0x12,0x04,0x49,0x12,0x75,0x49,0x12,0xef,0x49,0x12,0xff,0x49,0x12,0xff,0x49,0x12,0xff,0x49,0x12,0xff,
    0x49,0x12,0xff,0x49,0x12,0xff,0x49,0x12,0xbe,0x49,0x12,0x1d,0x00,0x00,0x00,0x49,0x12,0xaa,0x49,0x12,0xff,0x49,0x12,0xff,
    0x49,0x12,0xff,0x49,0x12,0xff,0x49,0x12,0xff,0x49,0x12,0xff,0x49,0x12,0xff,0x49,0x12,0xc0,0x49,0x12,0x2b,0x00,0x00,0x00,
    0x49,0x12,0x03,0x49,0x12,0x40,0x49,0x12,0x9a,0x49,0x12,0xd7,0x49,0x12,0xfc,0x49,0x12,0xff,0x49,0x12,0xff,0x49,0x12,0xff,
    0x49,0x12,0xff,0x49,0x12,0xff,0x49,0x12,0xff,0x49,0x12,0xff,0x49,0x12,0xff,0x49,0x12,0xff,0x49,0x12,0xd1,0x49,0x12,0x7b,
    0x49,0x12,0x3b,0x49,0x12,0x09,0x49,0x12,0x13,0x49,0x12,0x7d,0x49,0x12,0xf1,0x49,0x12,0xff,0x49,0x12,0xff,0x49,0x12,0xff,
    0x49,0x12,0xff,0x49,0x12,0xff,0x49,0x12,0xff,0x49,0x12,0xff,0x49,0x12,0xdf,0x49,0x12,0x47,0x00,0x00,0x00,0x00,0x00,0x00,
    0x00,0x00,0x00,0x00,0x00,0x00,0x00,0x00,0x00,0x00,0x00,0x00,0x00,0x00,0x00,0x00,0x00,0x00,0x00,0x00,0x00,0x00,0x00,0x00,
    0x00,0x00,0x00,0x00,0x00,0x00,0x00,0x00,0x00,0x00,0x00,0x00,0x00,0x00,0x00,0x00,0x00,0x00,0x00,0x00,0x00,0x00,0x00,0x00,
    0x00,0x00,0x00,0x00,0x00,0x00,0x00,0x00,0x00,0x00,0x00,0x00,0x49,0x12,0x33,0x49,0x12,0xc8,0x49,0x12,0xff,0x49,0x12,0xff,
    0x49,0x12,0xff,0x49,0x12,0xff,0x49,0x12,0xff,0x49,0x12,0xff,0x49,0x12,0xfd,0x49,0x12,0xcd,0x49,0x12,0x68,0x49,0x12,0x10,
    0x00,0x00,0x00,0x00,0x00,0x00,0x00,0x00,0x00,0x00,0x00,0x00,0x00,0x00,0x00,0x00,0x00,0x00,0x00,0x00,0x00,0x00,0x00,0x00,
    0x00,0x00,0x00,0x00,0x00,0x00,0x00,0x00,0x00,0x00,0x00,0x00,0x00,0x00,0x00,0x00,0x00,0x00,0x49,0x12,0x7c,0x49,0x12,0xff,
    0x49,0x12,0xff,0x49,0x12,0xff,0x49,0x12,0xff,0x49,0x12,0xff,0x49,0x12,0xff,0x49,0x12,0xff,0x49,0x12,0xda,0x49,0x12,0x3c,
    0x49,0x12,0x3d,0x49,0x12,0xbd,0x49,0x12,0xff,0x49,0x12,0xff,0x49,0x12,0xff,0x49,0x12,0xff,0x49,0x12,0xff,0x49,0x12,0xff,
    0x49,0x12,0xff,0x49,0x12,0xf5,0x49,0x12,0xaa,0x49,0x12,0x29,0x00,0x00,0x00,0x00,0x00,0x00,0x00,0x00,0x00,0x00,0x00,0x00,
    0x00,0x00,0x00,0x00,0x00,0x00,0x00,0x00,0x00,0x00,0x00,0x00,0x00,0x00,0x00,0x00,0x00,0x00,0x00,0x00,0x00,0x00,0x00,0x00,
    0x49,0x12,0x0b,0x49,0x12,0x48,0x49,0x12,0xb2,0x49,0x12,0xf8,0x49,0x12,0xff,0x49,0x12,0xff,0x49,0x12,0xff,0x49,0x12,0xff,
    0x49,0x12,0xff,0x49,0x12,0xff,0x49,0x12,0xff,0x49,0x12,0xbd,0x49,0x12,0x29,0x00,0x00,0x00,0x00,0x00,0x00,0x00,0x00,0x00,
    0x00,0x00,0x00,0x00,0x00,0x00,0x00,0x00,0x00,0x00,0x00,0x00,0x00,0x00,0x00,0x00,0x00,0x00,0x00,0x00,0x00,0x00,0x00,0x00,
    0x00,0x00,0x00,0x00,0x00,0x00,0x00,0x00,0x00,0x00,0x00,0x00,0x43,0xfd,0x08,0x43,0xfd,0x3d,0x43,0xfd,0xc1,0x43,0xfd,0xff,
    0x43,0xfd,0xff,0x43,0xfd,0xff,0x43,0xfd,0xff,0x43,0xfd,0xff,0x43,0xfd,0xff,0x43,0xfd,0xff,0x43,0xfd,0xff,0x43,0xfd,0xe5,
    0x43,0xfd,0x95,0x43,0xfd,0x5b,0x43,0xfd,0x40,0x43,0xfd,0x40,0x43,0xfd,0x40,0x43,0xfd,0x39,0x43,0xfd,0x15,0x00,0x00,0x00,
    0x00,0x00,0x00,0x00,0x00,0x00,0x00,0x00,0x00,0x00,0x00,0x00,0x49,0x12,0xc0,0x49,0x12,0xff,0x49,0x12,0xff,0x49,0x12,0xff,
    0x49,0x12,0xff,0x49,0x12,0xff,0x49,0x12,0xff,0x49,0x12,0xff,0x49,0x12,0xff,0x49,0x12,0xff,0x49,0x12,0xff,0x49,0x12,0xff,
    0x49,0x12,0xff,0x49,0x12,0xff,0x49,0x12,0xff,0x49,0x12,0xff,0x49,0x12,0xff,0x49,0x12,0xff,0x49,0x12,0xff,0x49,0x12,0xff,
    0x49,0x12,0xff,0x49,0x12,0xff,0x49,0x12,0xff,0x49,0x12,0xff,0x49,0x12,0x58,0x00,0x00,0x00,0x49,0x12,0x48,0x49,0x12,0xda,
    0x49,0x12,0xff,0x49,0x12,0xff,0x49,0x12,0xff,0x49,0x12,0xff,0x49,0x12,0xff,0x49,0x12,0xff,0x49,0x12,0xff,0x49,0x12,0xcc,
    0x49,0x12,0x33,0x00,0x00,0x00,0x00,0x00,0x00,0x00,0x00,0x00,0x00,0x00,0x00,0x00,0x00,0x00,0x00,0x00,0x00,0x00,0x00,0x00,
    0x00,0x00,0x00,0x00,0x00,0x00,0x00,0x00,0x00,0x00,0x00,0x00,0x49,0x12,0x7a,0x49,0x12,0xff,0x49,0x12,0xff,0x49,0x12,0xff,
    0x49,0x12,0xff,0x49,0x12,0xff,0x49,0x12,0xff,0x49,0x12,0xff,0x49,0x12,0xff,0x49,0x12,0xb0,0x49,0x12,0x20,0x00,0x00,0x00,
    0x00,0x00,0x00,0x00,0x00,0x00,0x00,0x00,0x00,0x00,0x00,0x00,0x00,0x00,0x00,0x00,0x00,0x00,0x00,0x00,0x00,0x00,0x00,0x00,
    0x00,0x00,0x00,0x00,0x00,0x00,0x00,0x00,0x00,0x00,0x00,0x00,0x00,0x00,0x00,0x00,0x00,0x00,0x49,0x12,0x60,0x49,0x12,0xe0,
    0x49,0x12,0xff,0x49,0x12,0xff,0x49,0x12,0xff,0x49,0x12,0xff,0x49,0x12,0xff,0x49,0x12,0xff,0x49,0x12,0xbf,0x49,0x12,0x20,
    0x00,0x00,0x00,0x49,0x12,0xaa,0x49,0x12,0xff,0x49,0x12,0xff,0x49,0x12,0xff,0x49,0x12,0xff,0x49,0x12,0xff,0x49,0x12,0xff,
    0x49,0x12,0xff,0x49,0x12,0xc0,0x49,0x12,0x2b,0x49,0x12,0x10,0x49,0x12,0x50,0x49,0x12,0xca,0x49,0x12,0xff,0x49,0x12,0xff,
    0x49,0x12,0xff,0x49,0x12,0xff,0x49,0x12,0xff,0x49,0x12,0xff,0x49,0x12,0xff,0x49,0x12,0xff,0x49,0x12,0xff,0x49,0x12,0xff,
    0x49,0x12,0xfb,0x49,0x12,0xcc,0x49,0x12,0x4d,0x00,0x00,0x00,0x00,0x00,0x00,0x00,0x00,0x00,0x00,0x00,0x00,0x49,0x12,0x2c,
    0x49,0x12,0xc7,0x49,0x12,0xff,0x49,0x12,0xff,0x49,0x12,0xff,0x49,0x12,0xff,0x49,0x12,0xff,0x49,0x12,0xff,0x49,0x12,0xff,
    0x49,0x12,0xff,0x49,0x12,0x80,0x00,0x00,0x00,0x00,0x00,0x00,0x00,0x00,0x00,0x00,0x00,0x00,0x00,0x00,0x00,0x00,0x00,0x00,
    0x00,0x00,0x00,0x00,0x00,0x00,0x00,0x00,0x00,0x00,0x00,0x00,0x00,0x00,0x00,0x00,0x00,0x00,0x00,0x00,0x00,0x00,0x00,0x00,
    0x00,0x00,0x00,0x00,0x00,0x00,0x00,0x00,0x00,0x00,0x00,0x00,0x00,0x00,0x00,0x00,0x00,0x00,0x00,0x00,0x00,0x49,0x12,0x0c,
    0x49,0x12,0x80,0x49,0x12,0xf7,0x49,0x12,0xff,0x49,0x12,0xff,0x49,0x12,0xff,0x49,0x12,0xff,0x49,0x12,0xff,0x49,0x12,0xff,
    0x49,0x12,0xdc,0x49,0x12,0x64,0x49,0x12,0x08,0x00,0x00,0x00,0x00,0x00,0x00,0x00,0x00,0x00,0x00,0x00,0x00,0x00,0x00,0x00,
    0x00,0x00,0x00,0x00,0x00,0x00,0x00,0x00,0x00,0x00,0x00,0x00,0x00,0x00,0x00,0x00,0x00,0x00,0x00,0x00,0x00,0x00,0x00,0x00,
    0x00,0x00,0x00,0x00,0x00,0x00,0x49,0x12,0x6a,0x49,0x12,0xff,0x49,0x12,0xff,0x49,0x12,0xff,0x49,0x12,0xff,0x49,0x12,0xff,
    0x49,0x12,0xff,0x49,0x12,0xff,0x49,0x12,0xe0,0x49,0x12,0x40,0x49,0x12,0x70,0x49,0x12,0xef,0x49,0x12,0xff,0x49,0x12,0xff,
    0x49,0x12,0xff,0x49,0x12,0xff,0x49,0x12,0xff,0x49,0x12,0xff,0x49,0x12,0xff,0x49,0x12,0xc0,0x49,0x12,0x40,0x00,0x00,0x00,
    0x00,0x00,0x00,0x00,0x00,0x00,0x00,0x00,0x00,0x00,0x00,0x00,0x00,0x00,0x00,0x00,0x00,0x00,0x00,0x00,0x00,0x00,0x00,0x00,
    0x00,0x00,0x00,0x00,0x00,0x00,0x00,0x00,0x00,0x00,0x00,0x00,0x00,0x00,0x00,0x00,0x00,0x00,0x49,0x12,0x44,0x49,0x12,0xd7,
    0x49,0x12,0xff,0x49,0x12,0xff,0x49,0x12,0xff,0x49,0x12,0xff,0x49,0x12,0xff,0x49,0x12,0xff,0x49,0x12,0xff,0x49,0x12,0xef,
    0x49,0x12,0x4b,0x00,0x00,0x00,0x00,0x00,0x00,0x00,0x00,0x00,0x00,0x00,0x00,0x00,0x00,0x00,0x00,0x00,0x00,0x00,0x00,0x00,
    0x00,0x00,0x00,0x00,0x00,0x00,0x00,0x00,0x00,0x00,0x00,0x00,0x00,0x00,0x00,0x00,0x00,0x00,0x00,0x00,0x00,0x43,0xfd,0x03,
    0x43,0xfd,0x44,0x43,0xfd,0xbc,0x43,0xfd,0xfd,0x43,0xfd,0xff,0x43,0xfd,0xff,0x43,0xfd,0xff,0x43,0xfd,0xff,0x43,0xfd,0xff,
    0x43,0xfd,0xff,0x43,0xfd,0xff,0x43,0xfd,0xff,0x43,0xfd,0xf2,0x43,0xfd,0xe0,0x43,0xfd,0xe0,0x43,0xfd,0xe0,0x43,0xfd,0xe0,
    0x43,0xfd,0xe0,0x43,0xfd,0xd5,0x43,0xfd,0x6c,0x43,0xfd,0x0c,0x00,0x00,0x00,0x00,0x00,0x00,0x00,0x00,0x00,0x00,0x00,0x00,
    0x49,0x12,0xc0,0x49,0x12,0xff,0x49,0x12,0xff,0x49,0x12,0xff,0x49,0x12,0xff,0x49,0x12,0xff,0x49,0x12,0xff,0x49,0x12,0xff,
    0x49,0x12,0xff,0x49,0x12,0xff,0x49,0x12,0xff,0x49,0x12,0xff,0x49,0x12,0xff,0x49,0x12,0xff,0x49,0x12,0xff,0x49,0x12,0xff,
    0x49,0x12,0xff,0x49,0x12,0xff,0x49,0x12,0xff,0x49,0x12,0xff,0x49,0x12,0xff,0x49,0x12,0xff,0x49,0x12,0xff,0x49,0x12,0xef,
    0x49,0x12,0x4b,0x00,0x00,0x00,0x49,0x12,0x58,0x49,0x12,0xe5,0x49,0x12,0xff,0x49,0x12,0xff,0x49,0x12,0xff,0x49,0x12,0xff,
    0x49,0x12,0xff,0x49,0x12,0xff,0x49,0x12,0xff,0x49,0x12,0xa0,0x49,0x12,0x15,0x00,0x00,0x00,0x00,0x00,0x00,0x00,0x00,0x00,
    0x00,0x00,0x00,0x00,0x00,0x00,0x00,0x00,0x00,0x00,0x00,0x00,0x00,0x00,0x00,0x00,0x00,0x00,0x00,0x00,0x00,0x00,0x00,0x00,
    0x49,0x12,0x98,0x49,0x12,0xff,0x49,0x12,0xff,0x49,0x12,0xff,0x49,0x12,0xff,0x49,0x12,0xff,0x49,0x12,0xff,0x49,0x12,0xff,
    0x49,0x12,0xe7,0x49,0x12,0x70,0x49,0x12,0x05,0x00,0x00,0x00,0x00,0x00,0x00,0x00,0x00,0x00,0x00,0x00,0x00,0x00,0x00,0x00,
    0x00,0x00,0x00,0x00,0x00,0x00,0x00,0x00,0x00,0x00,0x00,0x00,0x00,0x00,0x00,0x00,0x00,0x00,0x00,0x00,0x00,0x00,0x00,0x00,
    0x00,0x00,0x00,0x00,0x00,0x00,0x49,0x12,0x6c,0x49,0x12,0xec,0x49,0x12,0xff,0x49,0x12,0xff,0x49,0x12,0xff,0x49,0x12,0xff,
    0x49,0x12,0xff,0x49,0x12,0xff,0x49,0x12,0xbf,0x49,0x12,0x20,0x00,0x00,0x00,0x49,0x12,0xaa,0x49,0x12,0xff,0x49,0x12,0xff,
    0x49,0x12,0xff,0x49,0x12,0xff,0x49,0x12,0xff,0x49,0x12,0xff,0x49,0x12,0xff,0x49,0x12,0xc0,0x49,0x12,0x40,0x49,0x12,0x70,
    0x49,0x12,0xcc,0x49,0x12,0xfd,0x49,0x12,0xff,0x49,0x12,0xff,0x49,0x12,0xff,0x49,0x12,0xff,0x49,0x12,0xff,0x49,0x12,0xff,
    0x49,0x12,0xff,0x49,0x12,0xff,0x49,0x12,0xff,0x49,0x12,0xf2,0x49,0x12,0xac,0x49,0x12,0x50,0x49,0x12,0x0b,0x00,0x00,0x00,
    0x00,0x00,0x00,0x00,0x00,0x00,0x00,0x00,0x00,0x49,0x12,0x08,0x49,0x12,0xa0,0x49,0x12,0xff,0x49,0x12,0xff,0x49,0x12,0xff,
    0x49,0x12,0xff,0x49,0x12,0xff,0x49,0x12,0xff,0x49,0x12,0xff,0x49,0x12,0xff,0x49,0x12,0xa5,0x49,0x12,0x08,0x00,0x00,0x00,
    0x00,0x00,0x00,0x00,0x00,0x00,0x00,0x00,0x00,0x00,0x00,0x00,0x00,0x00,0x00,0x00,0x00,0x00,0x00,0x00,0x00,0x00,0x00,0x00,
    0x00,0x00,0x00,0x00,0x00,0x00,0x00,0x00,0x00,0x00,0x00,0x00,0x00,0x00,0x00,0x00,0x00,0x00,0x00,0x00,0x00,0x00,0x00,0x00,
    0x00,0x00,0x00,0x00,0x00,0x00,0x00,0x00,0x00,0x49,0x12,0x2c,0x49,0x12,0xac,0x49,0x12,0xff,0x49,0x12,0xff,0x49,0x12,0xff,
    0x49,0x12,0xff,0x49,0x12,0xff,0x49,0x12,0xff,0x49,0x12,0xff,0x49,0x12,0xa8,0x49,0x12,0x28,0x00,0x00,0x00,0x00,0x00,0x00,
    0x00,0x00,0x00,0x00,0x00,0x00,0x00,0x00,0x00,0x00,0x00,0x00,0x00,0x00,0x00,0x00,0x00,0x00,0x00,0x00,0x00,0x00,0x00,0x00,
    0x00,0x00,0x00,0x00,0x00,0x00,0x00,0x00,0x00,0x00,0x00,0x00,0x00,0x00,0x00,0x00,0x00,0x00,0x49,0x12,0x75,0x49,0x12,0xff,
    0x49,0x12,0xff,0x49,0x12,0xff,0x49,0x12,0xff,0x49,0x12,0xff,0x49,0x12,0xff,0x49,0x12,0xff,0x49,0x12,0xe0,0x49,0x12,0x43,
    0x49,0x12,0x84,0x49,0x12,0xff,0x49,0x12,0xff,0x49,0x12,0xff,0x49,0x12,0xff,0x49,0x12,0xff,0x49,0x12,0xff,0x49,0x12,0xff,
    0x49,0x12,0xfa,0x49,0x12,0x88,0x49,0x12,0x10,0x00,0x00,0x00,0x00,0x00,0x00,0x00,0x00,0x00,0x00,0x00,0x00,0x00,0x00,0x00,
    0x00,0x00,0x00,0x00,0x00,0x00,0x00,0x00,0x00,0x00,0x00,0x00,0x00,0x00,0x00,0x00,0x00,0x00,0x00,0x00,0x00,0x00,0x00,0x00,
    0x00,0x00,0x00,0x00,0x00,0x00,0x49,0x12,0x14,0x49,0x12,0xb2,0x49,0x12,0xff,0x49,0x12,0xff,0x49,0x12,0xff,0x49,0x12,0xff,
    0x49,0x12,0xff,0x49,0x12,0xff,0x49,0x12,0xff,0x49,0x12,0xff,0x49,0x12,0x5a,0x00,0x00,0x00,0x00,0x00,0x00,0x00,0x00,0x00,
    0x00,0x00,0x00,0x00,0x00,0x00,0x00,0x00,0x00,0x00,0x00,0x00,0x00,0x00,0x00,0x00,0x00,0x00,0x00,0x00,0x00,0x00,0x00,0x00,
    0x00,0x00,0x00,0x00,0x00,0x00,0x00,0x00,0x00,0x43,0xfd,0x1d,0x43,0xfd,0xa0,0x43,0xfd,0xf3,0x43,0xfd,0xff,0x43,0xfd,0xff,
    0x43,0xfd,0xff,0x43,0xfd,0xff,0x43,0xfd,0xff,0x43,0xfd,0xff,0x43,0xfd,0xff,0x43,0xfd,0xff,0x43,0xfd,0xff,0x43,0xfd,0xff,
    0x43,0xfd,0xff,0x43,0xfd,0xff,0x43,0xfd,0xff,0x43,0xfd,0xff,0x43,0xfd,0xff,0x43,0xfd,0xea,0x43,0xfd,0x6c,0x43,0xfd,0x0c,
    0x00,0x00,0x00,0x00,0x00,0x00,0x00,0x00,0x00,0x00,0x00,0x00,0x49,0x12,0xc0,0x49,0x12,0xff,0x49,0x12,0xff,0x49,0x12,0xff,
    0x49,0x12,0xff,0x49,0x12,0xff,0x49,0x12,0xff,0x49,0x12,0xff,0x49,0x12,0xff,0x49,0x12,0xff,0x49,0x12,0xff,0x49,0x12,0xff,
    0x49,0x12,0xff,0x49,0x12,0xff,0x49,0x12,0xff,0x49,0x12,0xff,0x49,0x12,0xff,0x49,0x12,0xff,0x49,0x12,0xff,0x49,0x12,0xff,
    0x49,0x12,0xff,0x49,0x12,0xff,0x49,0x12,0xff,0x49,0x12,0xc8,0x49,0x12,0x30,0x00,0x00,0x00,0x49,0x12,0x60,0x49,0x12,0xea,
    0x49,0x12,0xff,0x49,0x12,0xff,0x49,0x12,0xff,0x49,0x12,0xff,0x49,0x12,0xff,0x49,0x12,0xff,0x49,0x12,0xfb,0x49,0x12,0x84,
    0x49,0x12,0x05,0x00,0x00,0x00,0x00,0x00,0x00,0x00,0x00,0x00,0x00,0x00,0x00,0x00,0x00,0x00,0x00,0x00,0x00,0x00,0x00,0x00,
    0x00,0x00,0x00,0x00,0x00,0x00,0x00,0x00,0x00,0x49,0x12,0x10,0x49,0x12,0xb2,0x49,0x12,0xff,0x49,0x12,0xff,0x49,0x12,0xff,
    0x49,0x12,0xff,0x49,0x12,0xff,0x49,0x12,0xff,0x49,0x12,0xff,0x49,0x12,0xbc,0x49,0x12,0x3c,0x00,0x00,0x00,0x00,0x00,0x00,
    0x00,0x00,0x00,0x00,0x00,0x00,0x00,0x00,0x00,0x00,0x00,0x00,0x00,0x00,0x00,0x00,0x00,0x00,0x00,0x00,0x00,0x00,0x00,0x00,
    0x00,0x00,0x00,0x00,0x00,0x00,0x00,0x00,0x00,0x00,0x00,0x00,0x00,0x00,0x00,0x49,0x12,0x10,0x49,0x12,0x94,0x49,0x12,0xfb,
    0x49,0x12,0xff,0x49,0x12,0xff,0x49,0x12,0xff,0x49,0x12,0xff,0x49,0x12,0xff,0x49,0x12,0xff,0x49,0x12,0xbd,0x49,0x12,0x1c,
    0x00,0x00,0x00,0x49,0x12,0xaa,0x49,0x12,0xff,0x49,0x12,0xff,0x49,0x12,0xff,0x49,0x12,0xff,0x49,0x12,0xff,0x49,0x12,0xff,
    0x49,0x12,0xff,0x49,0x12,0xc8,0x49,0x12,0x93,0x49,0x12,0xdf,0x49,0x12,0xff,0x49,0x12,0xff,0x49,0x12,0xff,0x49,0x12,0xff,
    0x49,0x12,0xff,0x49,0x12,0xff,0x49,0x12,0xff,0x49,0x12,0xff,0x49,0x12,0xff,0x49,0x12,0xff,0x49,0x12,0xfb,0x49,0x12,0xad,
    0x49,0x12,0x30,0x49,0x12,0x04,0x00,0x00,0x00,0x00,0x00,0x00,0x00,0x00,0x00,0x00,0x00,0x00,0x00,0x00,0x00,0x00,0x00,0x00,
    0x49,0x12,0x7a,0x49,0x12,0xff,0x49,0x12,0xff,0x49,0x12,0xff,0x49,0x12,0xff,0x49,0x12,0xff,0x49,0x12,0xff,0x49,0x12,0xff,
    0x49,0x12,0xff,0x49,0x12,0xca,0x49,0x12,0x30,0x00,0x00,0x00,0x00,0x00,0x00,0x00,0x00,0x00,0x00,0x00,0x00,0x00,0x00,0x00,
    0x00,0x00,0x00,0x00,0x00,0x00,0x00,0x00,0x00,0x00,0x00,0x00,0x00,0x00,0x00,0x00,0x00,0x00,0x00,0x00,0x00,0x00,0x00,0x00,
    0x00,0x00,0x00,0x00,0x00,0x00,0x00,0x00,0x00,0x00,0x00,0x00,0x00,0x00,0x00,0x00,0x00,0x00,0x00,0x00,0x00,0x49,0x12,0x54,
    0x49,0x12,0xd4,0x49,0x12,0xff,0x49,0x12,0xff,0x49,0x12,0xff,0x49,0x12,0xff,0x49,0x12,0xff,0x49,0x12,0xff,0x49,0x12,0xff,
    0x49,0x12,0x74,0x49,0x12,0x08,0x00,0x00,0x00,0x00,0x00,0x00,0x00,0x00,0x00,0x00,0x00,0x00,0x00,0x00,0x00,0x00,0x00,0x00,
    0x00,0x00,0x00,0x00,0x00,0x00,0x00,0x00,0x00,0x00,0x00,0x00,0x00,0x00,0x00,0x00,0x00,0x00,0x00,0x00,0x00,0x00,0x00,0x00,
    0x00,0x00,0x00,0x00,0x00,0x00,0x49,0x12,0x90,0x49,0x12,0xff,0x49,0x12,0xff,0x49,0x12,0xff,0x49,0x12,0xff,0x49,0x12,0xff,
    0x49,0x12,0xff,0x49,0x12,0xff,0x49,0x12,0xd8,0x49,0x12,0x48,0x49,0x12,0x94,0x49,0x12,0xff,0x49,0x12,0xff,0x49,0x12,0xff,
    0x49,0x12,0xff,0x49,0x12,0xff,0x49,0x12,0xff,0x49,0x12,0xff,0x49,0x12,0xe7,0x49,0x12,0x5c,0x00,0x00,0x00,0x00,0x00,0x00,
    0x00,0x00,0x00,0x00,0x00,0x00,0x00,0x00,0x00,0x00,0x00,0x00,0x00,0x00,0x00,0x00,0x00,0x00,0x00,0x00,0x00,0x00,0x00,0x00,
    0x00,0x00,0x00,0x00,0x00,0x00,0x00,0x00,0x00,0x00,0x00,0x00,0x00,0x00,0x00,0x00,0x00,0x00,0x00,0x00,0x00,0x49,0x12,0x95,
    0x49,0x12,0xff,0x49,0x12,0xff,0x49,0x12,0xff,0x49,0x12,0xff,0x49,0x12,0xff,0x49,0x12,0xff,0x49,0x12,0xff,0x49,0x12,0xff,
    0x49,0x12,0x65,0x00,0x00,0x00,0x00,0x00,0x00,0x00,0x00,0x00,0x00,0x00,0x00,0x00,0x00,0x00,0x00,0x00,0x00,0x00,0x00,0x00,
    0x00,0x00,0x00,0x00,0x00,0x00,0x00,0x00,0x00,0x00,0x00,0x00,0x00,0x00,0x00,0x00,0x00,0x00,0x00,0x00,0x00,0x43,0xfd,0x55,
    0x43,0xfd,0xe7,0x43,0xfd,0xff,0x43,0xfd,0xff,0x43,0xfd,0xff,0x43,0xfd,0xff,0x43,0xfd,0xff,0x43,0xfd,0xff,0x43,0xfd,0xff,
    0x43,0xfd,0xff,0x43,0xfd,0xff,0x43,0xfd,0xff,0x43,0xfd,0xff,0x43,0xfd,0xff,0x43,0xfd,0xff,0x43,0xfd,0xff,0x43,0xfd,0xff,
    0x43,0xfd,0xfb,0x43,0xfd,0xa2,0x43,0xfd,0x20,0x00,0x00,0x00,0x00,0x00,0x00,0x00,0x00,0x00,0x00,0x00,0x00,0x00,0x00,0x00,
    0x49,0x12,0xc0,0x49,0x12,0xff,0x49,0x12,0xff,0x49,0x12,0xff,0x49,0x12,0xff,0x49,0x12,0xff,0x49,0x12,0xff,0x49,0x12,0xff,
    0x49,0x12,0xef,0x49,0x12,0xa0,0x49,0x12,0x80,0x49,0x12,0x80,0x49,0x12,0x80,0x49,0x12,0x80,0x49,0x12,0x80,0x49,0x12,0x80,
    0x49,0x12,0x80,0x49,0x12,0x80,0x49,0x12,0x80,0x49,0x12,0x80,0x49,0x12,0x80,0x49,0x12,0x80,0x49,0x12,0x80,0x49,0x12,0x50,
    0x49,0x12,0x0b,0x00,0x00,0x00,0x49,0x12,0x60,0x49,0x12,0xea,0x49,0x12,0xff,0x49,0x12,0xff,0x49,0x12,0xff,0x49,0x12,0xff,
    0x49,0x12,0xff,0x49,0x12,0xff,0x49,0x12,0xe8,0x49,0x12,0x68,0x00,0x00,0x00,0x00,0x00,0x00,0x00,0x00,0x00,0x00,0x00,0x00,
    0x00,0x00,0x00,0x00,0x00,0x00,0x00,0x00,0x00,0x00,0x00,0x00,0x00,0x00,0x00,0x00,0x00,0x00,0x00,0x00,0x00,0x49,0x12,0x40,
    0x49,0x12,0xd5,0x49,0x12,0xff,0x49,0x12,0xff,0x49,0x12,0xff,0x49,0x12,0xff,0x49,0x12,0xff,0x49,0x12,0xff,0x49,0x12,0xf8,
    0x49,0x12,0x82,0x49,0x12,0x0d,0x00,0x00,0x00,0x00,0x00,0x00,0x00,0x00,0x00,0x00,0x00,0x00,0x00,0x00,0x00,0x00,0x00,0x00,
    0x00,0x00,0x00,0x00,0x00,0x00,0x00,0x00,0x00,0x00,0x00,0x00,0x00,0x00,0x00,0x00,0x00,0x00,0x00,0x00,0x00,0x00,0x00,0x00,
    0x49,0x12,0x0b,0x49,0x12,0x69,0x49,0x12,0xe2,0x49,0x12,0xff,0x49,0x12,0xff,0x49,0x12,0xff,0x49,0x12,0xff,0x49,0x12,0xff,
    0x49,0x12,0xff,0x49,0x12,0xff,0x49,0x12,0xa5,0x49,0x12,0x08,0x00,0x00,0x00,0x49,0x12,0xaa,0x49,0x12,0xff,0x49,0x12,0xff,
    0x49,0x12,0xff,0x49,0x12,0xff,0x49,0x12,0xff,0x49,0x12,0xff,0x49,0x12,0xff,0x49,0x12,0xef,0x49,0x12,0xef,0x49,0x12,0xff,
    0x49,0x12,0xff,0x49,0x12,0xff,0x49,0x12,0xff,0x49,0x12,0xff,0x49,0x12,0xff,0x49,0x12,0xff,0x49,0x12,0xff,0x49,0x12,0xff,
    0x49,0x12,0xea,0x49,0x12,0xb8,0x49,0x12,0x7d,0x49,0x12,0x2c,0x00,0x00,0x00,0x00,0x00,0x00,0x00,0x00,0x00,0x00,0x00,0x00,
    0x00,0x00,0x00,0x00,0x00,0x00,0x00,0x00,0x00,0x00,0x00,0x00,0x49,0x12,0x42,0x49,0x12,0xd7,0x49,0x12,0xff,0x49,0x12,0xff,
    0x49,0x12,0xff,0x49,0x12,0xff,0x49,0x12,0xff,0x49,0x12,0xff,0x49,0x12,0xff,0x49,0x12,0xf3,0x49,0x12,0x85,0x49,0x12,0x18,
    0x00,0x00,0x00,0x00,0x00,0x00,0x00,0x00,0x00,0x00,0x00,0x00,0x00,0x00,0x00,0x00,0x00,0x00,0x00,0x00,0x00,0x00,0x00,0x00,
    0x00,0x00,0x00,0x00,0x00,0x00,0x00,0x00,0x00,0x00,0x00,0x00,0x00,0x00,0x00,0x00,0x00,0x00,0x00,0x00,0x00,0x00,0x00,0x00,
    0x00,0x00,0x00,0x00,0x00,0x00,0x49,0x12,0x07,0x49,0x12,0x82,0x49,0x12,0xf7,0x49,0x12,0xff,0x49,0x12,0xff,0x49,0x12,0xff,
    0x49,0x12,0xff,0x49,0x12,0xff,0x49,0x12,0xff,0x49,0x12,0xff,0x49,0x12,0x3b,0x00,0x00,0x00,0x00,0x00,0x00,0x00,0x00,0x00,
    0x00,0x00,0x00,0x00,0x00,0x00,0x00,0x00,0x00,0x00,0x00,0x00,0x00,0x00,0x00,0x00,0x00,0x00,0x00,0x00,0x00,0x00,0x00,0x00,
    0x00,0x00,0x00,0x00,0x00,0x00,0x00,0x00,0x00,0x49,0x12,0x02,0x49,0x12,0x1d,0x49,0x12,0x60,0x49,0x12,0xd5,0x49,0x12,0xff,
    0x49,0x12,0xff,0x49,0x12,0xff,0x49,0x12,0xff,0x49,0x12,0xff,0x49,0x12,0xff,0x49,0x12,0xff,0x49,0x12,0xb2,0x49,0x12,0x37,
    0x49,0x12,0xa0,0x49,0x12,0xff,0x49,0x12,0xff,0x49,0x12,0xff,0x49,0x12,0xff,0x49,0x12,0xff,0x49,0x12,0xff,0x49,0x12,0xff,
    0x49,0x12,0xcc,0x49,0x12,0x33,0x00,0x00,0x00,0x00,0x00,0x00,0x00,0x00,0x00,0x00,0x00,0x00,0x00,0x00,0x00,0x00,0x00,0x00,
    0x00,0x00,0x00,0x00,0x00,0x00,0x00,0x00,0x00,0x00,0x00,0x00,0x00,0x00,0x00,0x00,0x00,0x00,0x00,0x00,0x00,0x00,0x00,0x00,
    0x00,0x00,0x00,0x00,0x00,0x00,0x00,0x00,0x00,0x49,0x12,0x79,0x49,0x12,0xff,0x49,0x12,0xff,0x49,0x12,0xff,0x49,0x12,0xff,
    0x49,0x12,0xff,0x49,0x12,0xff,0x49,0x12,0xff,0x49,0x12,0xff,0x49,0x12,0x6a,0x00,0x00,0x00,0x00,0x00,0x00,0x00,0x00,0x00,
    0x00,0x00,0x00,0x00,0x00,0x00,0x00,0x00,0x00,0x00,0x00,0x00,0x00,0x00,0x00,0x00,0x00,0x00,0x00,0x00,0x00,0x00,0x00,0x00,
    0x00,0x00,0x00,0x43,0xfd,0x03,0x43,0xfd,0x30,0x43,0xfd,0xb7,0x43,0xfd,0xff,0x43,0xfd,0xff,0x43,0xfd,0xff,0x43,0xfd,0xff,
    0x43,0xfd,0xff,0x43,0xfd,0xff,0x43,0xfd,0xff,0x43,0xfd,0xff,0x43,0xfd,0xff,0x43,0xfd,0xff,0x43,0xfd,0xff,0x43,0xfd,0xff,
    0x43,0xfd,0xff,0x43,0xfd,0xff,0x43,0xfd,0xfa,0x43,0xfd,0xd0,0x43,0xfd,0x88,0x43,0xfd,0x2b,0x00,0x00,0x00,0x00,0x00,0x00,
    0x00,0x00,0x00,0x00,0x00,0x00,0x00,0x00,0x00,0x00,0x00,0x00,0x49,0x12,0xc0,0x49,0x12,0xff,0x49,0x12,0xff,0x49,0x12,0xff,
    0x49,0x12,0xff,0x49,0x12,0xff,0x49,0x12,0xff,0x49,0x12,0xff,0x49,0x12,0xe0,0x49,0x12,0x40,0x00,0x00,0x00,0x00,0x00,0x00,
    0x00,0x00,0x00,0x00,0x00,0x00,0x00,0x00,0x00,0x00,0x00,0x00,0x00,0x00,0x00,0x00,0x00,0x00,0x00,0x00,0x00,0x00,0x00,0x00,
    0x00,0x00,0x00,0x00,0x00,0x00,0x00,0x00,0x00,0x00,0x00,0x00,0x00,0x00,0x00,0x00,0x00,0x00,0x49,0x12,0x60,0x49,0x12,0xea,
    0x49,0x12,0xff,0x49,0x12,0xff,0x49,0x12,0xff,0x49,0x12,0xff,0x49,0x12,0xff,0x49,0x12,0xff,0x49,0x12,0xd4,0x49,0x12,0x54,
    0x00,0x00,0x00,0x00,0x00,0x00,0x00,0x00,0x00,0x00,0x00,0x00,0x00,0x00,0x00,0x00,0x00,0x00,0x00,0x00,0x00,0x00,0x00,0x00,
    0x00,0x00,0x00,0x00,0x00,0x00,0x00,0x00,0x00,0x49,0x12,0x68,0x49,0x12,0xef,0x49,0x12,0xff,0x49,0x12,0xff,0x49,0x12,0xff,
    0x49,0x12,0xff,0x49,0x12,0xff,0x49,0x12,0xff,0x49,0x12,0xe2,0x49,0x12,0x54,0x00,0x00,0x00,0x00,0x00,0x00,0x00,0x00,0x00,
    0x00,0x00,0x00,0x00,0x00,0x00,0x00,0x00,0x00,0x00,0x00,0x00,0x00,0x00,0x00,0x00,0x00,0x00,0x00,0x00,0x00,0x00,0x00,0x00,
    0x00,0x00,0x00,0x00,0x00,0x00,0x49,0x12,0x0b,0x49,0x12,0x38,0x49,0x12,0x78,0x49,0x12,0xdd,0x49,0x12,0xff,0x49,0x12,0xff,
    0x49,0x12,0xff,0x49,0x12,0xff,0x49,0x12,0xff,0x49,0x12,0xff,0x49,0x12,0xff,0x49,0x12,0xff,0x49,0x12,0x80,0x00,0x00,0x00,
    0x00,0x00,0x00,0x49,0x12,0xaa,0x49,0x12,0xff,0x49,0x12,0xff,0x49,0x12,0xff,0x49,0x12,0xff,0x49,0x12,0xff,0x49,0x12,0xff,
    0x49,0x12,0xff,0x49,0x12,0xff,0x49,0x12,0xff,0x49,0x12,0xff,0x49,0x12,0xff,0x49,0x12,0xff,0x49,0x12,0xff,0x49,0x12,0xff,
    0x49,0x12,0xff,0x49,0x12,0xff,0x49,0x12,0xff,0x49,0x12,0xf7,0x49,0x12,0x70,0x49,0x12,0x20,0x00,0x00,0x00,0x00,0x00,0x00,
    0x00,0x00,0x00,0x00,0x00,0x00,0x00,0x00,0x00,0x00,0x00,0x00,0x00,0x00,0x00,0x00,0x00,0x00,0x00,0x00,0x00,0x00,0x00,0x00,
    0x49,0x12,0x0d,0x49,0x12,0x8c,0x49,0x12,0xf7,0x49,0x12,0xff,0x49,0x12,0xff,0x49,0x12,0xff,0x49,0x12,0xff,0x49,0x12,0xff,
    0x49,0x12,0xff,0x49,0x12,0xff,0x49,0x12,0xd8,0x49,0x12,0x58,0x00,0x00,0x00,0x00,0x00,0x00,0x00,0x00,0x00,0x00,0x00,0x00,
    0x00,0x00,0x00,0x00,0x00,0x00,0x00,0x00,0x00,0x00,0x00,0x00,0x00,0x00,0x00,0x00,0x00,0x00,0x00,0x00,0x00,0x00,0x00,0x00,
    0x00,0x00,0x00,0x00,0x00,0x00,0x00,0x00,0x00,0x00,0x00,0x00,0x00,0x00,0x00,0x00,0x00,0x00,0x49,0x12,0x1d,0x49,0x12,0xac,
    0x49,0x12,0xff,0x49,0x12,0xff,0x49,0x12,0xff,0x49,0x12,0xff,0x49,0x12,0xff,0x49,0x12,0xff,0x49,0x12,0xff,0x49,0x12,0xff,
    0x49,0x12,0x10,0x00,0x00,0x00,0x00,0x00,0x00,0x00,0x00,0x00,0x00,0x00,0x00,0x00,0x00,0x00,0x00,0x00,0x00,0x00,0x00,0x00,
    0x00,0x00,0x00,0x00,0x00,0x00,0x00,0x00,0x00,0x00,0x00,0x00,0x00,0x00,0x00,0x00,0x00,0x00,0x49,0x12,0x04,0x49,0x12,0x43,
    0x49,0x12,0xa8,0x49,0x12,0xe7,0x49,0x12,0xff,0x49,0x12,0xff,0x49,0x12,0xff,0x49,0x12,0xff,0x49,0x12,0xff,0x49,0x12,0xff,
    0x49,0x12,0xff,0x49,0x12,0xef,0x49,0x12,0x78,0x49,0x12,0x1b,0x49,0x12,0xa0,0x49,0x12,0xff,0x49,0x12,0xff,0x49,0x12,0xff,
    0x49,0x12,0xff,0x49,0x12,0xff,0x49,0x12,0xff,0x49,0x12,0xff,0x49,0x12,0xb7,0x49,0x12,0x14,0x00,0x00,0x00,0x00,0x00,0x00,
    0x00,0x00,0x00,0x00,0x00,0x00,0x00,0x00,0x00,0x00,0x00,0x00,0x00,0x00,0x00,0x00,0x00,0x00,0x00,0x00,0x00,0x00,0x00,0x00,
    0x00,0x00,0x00,0x00,0x00,0x00,0x00,0x00,0x00,0x00,0x00,0x00,0x00,0x00,0x00,0x00,0x00,0x00,0x00,0x00,0x00,0x49,0x12,0x62,
    0x49,0x12,0xff,0x49,0x12,0xff,0x49,0x12,0xff,0x49,0x12,0xff,0x49,0x12,0xff,0x49,0x12,0xff,0x49,0x12,0xff,0x49,0x12,0xff,
    0x49,0x12,0x6a,0x00,0x00,0x00,0x00,0x00,0x00,0x00,0x00,0x00,0x00,0x00,0x00,0x00,0x00,0x00,0x00,0x00,0x00,0x00,0x00,0x00,
    0x00,0x00,0x00,0x00,0x00,0x00,0x00,0x00,0x00,0x00,0x00,0x00,0x00,0x00,0x00,0x43,0xfd,0x34,0x43,0xfd,0xac,0x43,0xfd,0xfa,
    0x43,0xfd,0xff,0x43,0xfd,0xff,0x43,0xfd,0xff,0x43,0xfd,0xff,0x43,0xfd,0xff,0x43,0xfd,0xff,0x43,0xfd,0xff,0x43,0xfd,0xff,
    0x43,0xfd,0xff,0x43,0xfd,0xff,0x43,0xfd,0xff,0x43,0xfd,0xff,0x43,0xfd,0xff,0x43,0xfd,0xff,0x43,0xfd,0xc5,0x43,0xfd,0x40,
    0x43,0xfd,0x08,0x00,0x00,0x00,0x00,0x00,0x00,0x00,0x00,0x00,0x00,0x00,0x00,0x00,0x00,0x00,0x00,0x00,0x00,0x00,0x00,0x00,
    0x49,0x12,0xc0,0x49,0x12,0xff,0x49,0x12,0xff,0x49,0x12,0xff,0x49,0x12,0xff,0x49,0x12,0xff,0x49,0x12,0xff,0x49,0x12,0xff,
    0x49,0x12,0xe0,0x49,0x12,0x40,0x00,0x00,0x00,0x00,0x00,0x00,0x00,0x00,0x00,0x00,0x00,0x00,0x00,0x00,0x00,0x00,0x00,0x00,
    0x00,0x00,0x00,0x00,0x00,0x00,0x00,0x00,0x00,0x00,0x00,0x00,0x00,0x00,0x00,0x00,0x00,0x00,0x00,0x00,0x00,0x00,0x00,0x00,
    0x00,0x00,0x00,0x00,0x00,0x00,0x49,0x12,0x60,0x49,0x12,0xea,0x49,0x12,0xff,0x49,0x12,0xff,0x49,0x12,0xff,0x49,0x12,0xff,
    0x49,0x12,0xff,0x49,0x12,0xff,0x49,0x12,0xc4,0x49,0x12,0x44,0x00,0x00,0x00,0x00,0x00,0x00,0x00,0x00,0x00,0x00,0x00,0x00,
    0x00,0x00,0x00,0x00,0x00,0x00,0x00,0x00,0x00,0x00,0x00,0x00,0x00,0x00,0x00,0x00,0x00,0x00,0x00,0x00,0x00,0x49,0x12,0x78,
    0x49,0x12,0xfa,0x49,0x12,0xff,0x49,0x12,0xff,0x49,0x12,0xff,0x49,0x12,0xff,0x49,0x12,0xff,0x49,0x12,0xff,0x49,0x12,0xd7,
    0x49,0x12,0x44,0x00,0x00,0x00,0x00,0x00,0x00,0x00,0x00,0x00,0x00,0x00,0x00,0x00,0x00,0x00,0x00,0x00,0x00,0x00,0x00,0x00,
    0x00,0x00,0x00,0x00,0x00,0x00,0x00,0x00,0x00,0x49,0x12,0x08,0x49,0x12,0x20,0x49,0x12,0x38,0x49,0x12,0x73,0x49,0x12,0xb8,
    0x49,0x12,0xe7,0x49,0x12,0xff,0x49,0x12,0xff,0x49,0x12,0xff,0x49,0x12,0xff,0x49,0x12,0xff,0x49,0x12,0xff,0x49,0x12,0xff,
    0x49,0x12,0xff,0x49,0x12,0xf3,0x49,0x12,0x5b,0x00,0x00,0x00,0x00,0x00,0x00,0x49,0x12,0xaa,0x49,0x12,0xff,0x49,0x12,0xff,
    0x49,0x12,0xff,0x49,0x12,0xff,0x49,0x12,0xff,0x49,0x12,0xff,0x49,0x12,0xff,0x49,0x12,0xff,0x49,0x12,0xff,0x49,0x12,0xff,
    0x49,0x12,0xff,0x49,0x12,0xff,0x49,0x12,0xff,0x49,0x12,0xff,0x49,0x12,0xff,0x49,0x12,0xff,0x49,0x12,0xe3,0x49,0x12,0xa0,
    0x49,0x12,0x10,0x00,0x00,0x00,0x00,0x00,0x00,0x00,0x00,0x00,0x00,0x00,0x00,0x00,0x00,0x00,0x00,0x00,0x00,0x00,0x00,0x00,
    0x00,0x00,0x00,0x00,0x00,0x00,0x00,0x00,0x00,0x00,0x00,0x00,0x00,0x00,0x00,0x49,0x12,0x50,0x49,0x12,0xd0,0x49,0x12,0xff,
    0x49,0x12,0xff,0x49,0x12,0xff,0x49,0x12,0xff,0x49,0x12,0xff,0x49,0x12,0xff,0x49,0x12,0xff,0x49,0x12,0xf7,0x49,0x12,0x90,
    0x49,0x12,0x10,0x00,0x00,0x00,0x00,0x00,0x00,0x00,0x00,0x00,0x00,0x00,0x00,0x00,0x00,0x00,0x00,0x00,0x00,0x00,0x00,0x00,
    0x00,0x00,0x00,0x49,0x12,0x13,0x49,0x12,0x4c,0x49,0x12,0x60,0x49,0x12,0x60,0x49,0x12,0x60,0x49,0x12,0x60,0x49,0x12,0x60,
    0x49,0x12,0x60,0x49,0x12,0x60,0x49,0x12,0x7b,0x49,0x12,0xd8,0x49,0x12,0xff,0x49,0x12,0xff,0x49,0x12,0xff,0x49,0x12,0xff,
    0x49,0x12,0xff,0x49,0x12,0xff,0x49,0x12,0xff,0x49,0x12,0xff,0x00,0x00,0x00,0x00,0x00,0x00,0x00,0x00,0x00,0x00,0x00,0x00,
    0x00,0x00,0x00,0x00,0x00,0x00,0x00,0x00,0x00,0x00,0x00,0x00,0x00,0x00,0x00,0x00,0x00,0x00,0x00,0x00,0x00,0x49,0x12,0x04,
    0x49,0x12,0x23,0x49,0x12,0x4c,0x49,0x12,0x70,0x49,0x12,0xc0,0x49,0x12,0xfb,0x49,0x12,0xff,0x49,0x12,0xff,0x49,0x12,0xff,
    0x49,0x12,0xff,0x49,0x12,0xff,0x49,0x12,0xff,0x49,0x12,0xff,0x49,0x12,0xff,0x49,0x12,0xc0,0x49,0x12,0x40,0x49,0x12,0x15,
    0x49,0x12,0xa0,0x49,0x12,0xff,0x49,0x12,0xff,0x49,0x12,0xff,0x49,0x12,0xff,0x49,0x12,0xff,0x49,0x12,0xff,0x49,0x12,0xff,
    0x49,0x12,0xad,0x49,0x12,0x04,0x00,0x00,0x00,0x00,0x00,0x00,0x00,0x00,0x00,0x00,0x00,0x00,0x00,0x00,0x00,0x00,0x00,0x00,
    0x00,0x00,0x00,0x00,0x00,0x00,0x00,0x00,0x00,0x00,0x00,0x00,0x00,0x00,0x00,0x00,0x00,0x00,0x00,0x00,0x00,0x00,0x00,0x00,
    0x00,0x00,0x00,0x00,0x00,0x00,0x00,0x00,0x00,0x49,0x12,0x58,0x49,0x12,0xff,0x49,0x12,0xff,0x49,0x12,0xff,0x49,0x12,0xff,
    0x49,0x12,0xff,0x49,0x12,0xff,0x49,0x12,0xff,0x49,0x12,0xff,0x49,0x12,0x6a,0x00,0x00,0x00,0x00,0x00,0x00,0x00,0x00,0x00,
    0x00,0x00,0x00,0x00,0x00,0x00,0x00,0x00,0x00,0x00,0x00,0x00,0x00,0x00,0x00,0x00,0x00,0x00,0x00,0x00,0x00,0x00,0x00,0x00,
    0x43,0xfd,0x15,0x43,0xfd,0x90,0x43,0xfd,0xef,0x43,0xfd,0xff,0x43,0xfd,0xff,0x43,0xfd,0xff,0x43,0xfd,0xff,0x43,0xfd,0xff,
    0x43,0xfd,0xff,0x43,0xfd,0xff,0x43,0xfd,0xff,0x43,0xfd,0xff,0x43,0xfd,0xff,0x43,0xfd,0xff,0x43,0xfd,0xff,0x43,0xfd,0xff,
    0x43,0xfd,0xff,0x43,0xfd,0xe7,0x43,0xfd,0x68,0x43,0xfd,0x04,0x00,0x00,0x00,0x00,0x00,0x00,0x00,0x00,0x00,0x00,0x00,0x00,
    0x00,0x00,0x00,0x00,0x00,0x00,0x00,0x00,0x00,0x00,0x00,0x00,0x49,0x12,0xc0,0x49,0x12,0xff,0x49,0x12,0xff,0x49,0x12,0xff,
    0x49,0x12,0xff,0x49,0x12,0xff,0x49,0x12,0xff,0x49,0x12,0xff,0x49,0x12,0xe0,0x49,0x12,0x40,0x00,0x00,0x00,0x00,0x00,0x00,
    0x00,0x00,0x00,0x00,0x00,0x00,0x00,0x00,0x00,0x00,0x00,0x00,0x00,0x00,0x00,0x00,0x00,0x00,0x00,0x00,0x00,0x00,0x00,0x00,
    0x00,0x00,0x00,0x00,0x00,0x00,0x00,0x00,0x00,0x00,0x00,0x00,0x00,0x00,0x00,0x00,0x00,0x00,0x49,0x12,0x60,0x49,0x12,0xea,
    0x49,0x12,0xff,0x49,0x12,0xff,0x49,0x12,0xff,0x49,0x12,0xff,0x49,0x12,0xff,0x49,0x12,0xff,0x49,0x12,0xc0,0x49,0x12,0x40,
    0x00,0x00,0x00,0x00,0x00,0x00,0x00,0x00,0x00,0x00,0x00,0x00,0x00,0x00,0x00,0x00,0x00,0x00,0x00,0x00,0x00,0x00,0x00,0x00,
    0x00,0x00,0x00,0x00,0x00,0x00,0x49,0x12,0x08,0x49,0x12,0x88,0x49,0x12,0xff,0x49,0x12,0xff,0x49,0x12,0xff,0x49,0x12,0xff,
    0x49,0x12,0xff,0x49,0x12,0xff,0x49,0x12,0xff,0x49,0x12,0xed,0x49,0x12,0xa8,0x49,0x12,0x82,0x49,0x12,0x80,0x49,0x12,0x80,
    0x49,0x12,0x80,0x49,0x12,0x80,0x49,0x12,0x80,0x49,0x12,0x80,0x49,0x12,0x8c,0x49,0x12,0x95,0x49,0x12,0x9a,0x49,0x12,0xac,
    0x49,0x12,0xbf,0x49,0x12,0xcf,0x49,0x12,0xef,0x49,0x12,0xff,0x49,0x12,0xff,0x49,0x12,0xff,0x49,0x12,0xff,0x49,0x12,0xff,
    0x49,0x12,0xff,0x49,0x12,0xff,0x49,0x12,0xff,0x49,0x12,0xff,0x49,0x12,0xe5,0x49,0x12,0x90,0x49,0x12,0x1c,0x00,0x00,0x00,
    0x00,0x00,0x00,0x49,0x12,0xaa,0x49,0x12,0xff,0x49,0x12,0xff,0x49,0x12,0xff,0x49,0x12,0xff,0x49,0x12,0xff,0x49,0x12,0xff,
    0x49,0x12,0xff,0x49,0x12,0xff,0x49,0x12,0xff,0x49,0x12,0xff,0x49,0x12,0xff,0x49,0x12,0xff,0x49,0x12,0xff,0x49,0x12,0xff,
    0x49,0x12,0xff,0x49,0x12,0xf7,0x49,0x12,0xb8,0x49,0x12,0x4b,0x00,0x00,0x00,0x00,0x00,0x00,0x00,0x00,0x00,0x00,0x00,0x00,
    0x00,0x00,0x00,0x00,0x00,0x00,0x00,0x00,0x00,0x00,0x00,0x00,0x00,0x00,0x00,0x00,0x00,0x00,0x00,0x00,0x00,0x00,0x00,0x00,
    0x00,0x00,0x00,0x49,0x12,0x10,0x49,0x12,0x70,0x49,0x12,0xea,0x49,0x12,0xff,0x49,0x12,0xff,0x49,0x12,0xff,0x49,0x12,0xff,
    0x49,0x12,0xff,0x49,0x12,0xff,0x49,0x12,0xff,0x49,0x12,0xdf,0x49,0x12,0x47,0x00,0x00,0x00,0x00,0x00,0x00,0x00,0x00,0x00,
    0x00,0x00,0x00,0x00,0x00,0x00,0x00,0x00,0x00,0x00,0x00,0x00,0x00,0x00,0x00,0x49,0x12,0x4e,0x49,0x12,0xda,0x49,0x12,0xea,
    0x49,0x12,0xea,0x49,0x12,0xea,0x49,0x12,0xea,0x49,0x12,0xea,0x49,0x12,0xea,0x49,0x12,0xea,0x49,0x12,0xef,0x49,0x12,0xfd,
    0x49,0x12,0xff,0x49,0x12,0xff,0x49,0x12,0xff,0x49,0x12,0xff,0x49,0x12,0xff,0x49,0x12,0xff,0x49,0x12,0xff,0x49,0x12,0xff,
    0x49,0x12,0x88,0x49,0x12,0x80,0x49,0x12,0x80,0x49,0x12,0x80,0x49,0x12,0x80,0x49,0x12,0x80,0x49,0x12,0x80,0x49,0x12,0x82,
    0x49,0x12,0x8d,0x49,0x12,0x95,0x49,0x12,0xa0,0x49,0x12,0xad,0x49,0x12,0xc1,0x49,0x12,0xdd,0x49,0x12,0xf2,0x49,0x12,0xff,
    0x49,0x12,0xff,0x49,0x12,0xff,0x49,0x12,0xff,0x49,0x12,0xff,0x49,0x12,0xff,0x49,0x12,0xff,0x49,0x12,0xff,0x49,0x12,0xff,
    0x49,0x12,0xd6,0x49,0x12,0x55,0x49,0x12,0x0b,0x49,0x12,0x15,0x49,0x12,0xa0,0x49,0x12,0xff,0x49,0x12,0xff,0x49,0x12,0xff,
    0x49,0x12,0xff,0x49,0x12,0xff,0x49,0x12,0xff,0x49,0x12,0xff,0x49,0x12,0xaa,0x00,0x00,0x00,0x00,0x00,0x00,0x00,0x00,0x00,
    0x00,0x00,0x00,0x00,0x00,0x00,0x00,0x00,0x00,0x00,0x00,0x00,0x00,0x00,0x00,0x00,0x00,0x00,0x00,0x00,0x00,0x00,0x00,0x00,
    0x00,0x00,0x00,0x00,0x00,0x00,0x00,0x00,0x00,0x00,0x00,0x00,0x00,0x00,0x00,0x00,0x00,0x00,0x00,0x00,0x00,0x49,0x12,0x55,
    0x49,0x12,0xff,0x49,0x12,0xff,0x49,0x12,0xff,0x49,0x12,0xff,0x49,0x12,0xff,0x49,0x12,0xff,0x49,0x12,0xff,0x49,0x12,0xff,
    0x49,0x12,0x6a,0x00,0x00,0x00,0x00,0x00,0x00,0x00,0x00,0x00,0x00,0x00,0x00,0x00,0x00,0x00,0x00,0x00,0x00,0x00,0x00,0x00,
    0x00,0x00,0x00,0x00,0x00,0x00,0x00,0x00,0x00,0x00,0x00,0x00,0x43,0xfd,0x63,0x43,0xfd,0xea,0x43,0xfd,0xff,0x43,0xfd,0xff,
    0x43,0xfd,0xff,0x43,0xfd,0xff,0x43,0xfd,0xff,0x43,0xfd,0xff,0x43,0xfd,0xff,0x43,0xfd,0xff,0x43,0xfd,0xff,0x43,0xfd,0xff,
    0x43,0xfd,0xff,0x43,0xfd,0xff,0x43,0xfd,0xff,0x43,0xfd,0xea,0x43,0xfd,0xa0,0x43,0xfd,0x58,0x43,0xfd,0x12,0x00,0x00,0x00,
    0x00,0x00,0x00,0x00,0x00,0x00,0x00,0x00,0x00,0x00,0x00,0x00,0x00,0x00,0x00,0x00,0x00,0x00,0x00,0x00,0x00,0x00,0x00,0x00,
    0x49,0x12,0xc0,0x49,0x12,0xff,0x49,0x12,0xff,0x49,0x12,0xff,0x49,0x12,0xff,0x49,0x12,0xff,0x49,0x12,0xff,0x49,0x12,0xff,
    0x49,0x12,0xe0,0x49,0x12,0x40,0x00,0x00,0x00,0x00,0x00,0x00,0x00,0x00,0x00,0x00,0x00,0x00,0x00,0x00,0x00,0x00,0x00,0x00,
    0x00,0x00,0x00,0x00,0x00,0x00,0x00,0x00,0x00,0x00,0x00,0x00,0x00,0x00,0x00,0x00,0x00,0x00,0x00,0x00,0x00,0x00,0x00,0x00,
    0x00,0x00,0x00,0x00,0x00,0x00,0x49,0x12,0x60,0x49,0x12,0xea,0x49,0x12,0xff,0x49,0x12,0xff,0x49,0x12,0xff,0x49,0x12,0xff,
    0x49,0x12,0xff,0x49,0x12,0xff,0x49,0x12,0xc0,0x49,0x12,0x40,0x00,0x00,0x00,0x00,0x00,0x00,0x00,0x00,0x00,0x00,0x00,0x00,
    0x00,0x00,0x00,0x00,0x00,0x00,0x00,0x00,0x00,0x00,0x00,0x00,0x00,0x00,0x00,0x00,0x00,0x00,0x49,0x12,0x1c,0x49,0x12,0x9c,
    0x49,0x12,0xff,0x49,0x12,0xff,0x49,0x12,0xff,0x49,0x12,0xff,0x49,0x12,0xff,0x49,0x12,0xff,0x49,0x12,0xff,0x49,0x12,0xff,
    0x49,0x12,0xff,0x49,0x12,0xff,0x49,0x12,0xff,0x49,0x12,0xff,0x49,0x12,0xff,0x49,0x12,0xff,0x49,0x12,0xff,0x49,0x12,0xff,
    0x49,0x12,0xff,0x49,0x12,0xff,0x49,0x12,0xff,0x49,0x12,0xff,0x49,0x12,0xff,0x49,0x12,0xff,0x49,0x12,0xff,0x49,0x12,0xff,
    0x49,0x12,0xff,0x49,0x12,0xff,0x49,0x12,0xff,0x49,0x12,0xff,0x49,0x12,0xff,0x49,0x12,0xff,0x49,0x12,0xff,0x49,0x12,0xe5,
    0x49,0x12,0x70,0x49,0x12,0x18,0x00,0x00,0x00,0x00,0x00,0x00,0x00,0x00,0x00,0x49,0x12,0xaa,0x49,0x12,0xff,0x49,0x12,0xff,
    0x49,0x12,0xff,0x49,0x12,0xff,0x49,0x12,0xff,0x49,0x12,0xff,0x49,0x12,0xff,0x49,0x12,0xff,0x49,0x12,0xff,0x49,0x12,0xff,
    0x49,0x12,0xff,0x49,0x12,0xff,0x49,0x12,0xff,0x49,0x12,0xff,0x49,0x12,0xff,0x49,0x12,0xff,0x49,0x12,0xf7,0x49,0x12,0xc0,
    0x49,0x12,0x18,0x00,0x00,0x00,0x00,0x00,0x00,0x00,0x00,0x00,0x00,0x00,0x00,0x00,0x00,0x00,0x00,0x00,0x00,0x00,0x00,0x00,
    0x00,0x00,0x00,0x00,0x00,0x00,0x00,0x00,0x00,0x00,0x00,0x00,0x00,0x00,0x00,0x00,0x00,0x00,0x49,0x12,0x18,0x49,0x12,0xb5,
    0x49,0x12,0xff,0x49,0x12,0xff,0x49,0x12,0xff,0x49,0x12,0xff,0x49,0x12,0xff,0x49,0x12,0xff,0x49,0x12,0xff,0x49,0x12,0xff,
    0x49,0x12,0x80,0x00,0x00,0x00,0x00,0x00,0x00,0x00,0x00,0x00,0x00,0x00,0x00,0x00,0x00,0x00,0x00,0x00,0x00,0x00,0x00,0x00,
    0x00,0x00,0x00,0x49,0x12,0x88,0x49,0x12,0xff,0x49,0x12,0xff,0x49,0x12,0xff,0x49,0x12,0xff,0x49,0x12,0xff,0x49,0x12,0xff,
    0x49,0x12,0xff,0x49,0x12,0xff,0x49,0x12,0xff,0x49,0x12,0xff,0x49,0x12,0xff,0x49,0x12,0xff,0x49,0x12,0xff,0x49,0x12,0xff,
    0x49,0x12,0xff,0x49,0x12,0xff,0x49,0x12,0xff,0x49,0x12,0xff,0x49,0x12,0xff,0x49,0x12,0xff,0x49,0x12,0xff,0x49,0x12,0xff,
    0x49,0x12,0xff,0x49,0x12,0xff,0x49,0x12,0xff,0x49,0x12,0xff,0x49,0x12,0xff,0x49,0x12,0xff,0x49,0x12,0xff,0x49,0x12,0xff,
    0x49,0x12,0xff,0x49,0x12,0xff,0x49,0x12,0xff,0x49,0x12,0xff,0x49,0x12,0xff,0x49,0x12,0xff,0x49,0x12,0xff,0x49,0x12,0xff,
    0x49,0x12,0xff,0x49,0x12,0xff,0x49,0x12,0xff,0x49,0x12,0xf3,0x49,0x12,0x75,0x49,0x12,0x04,0x00,0x00,0x00,0x49,0x12,0x15,
    0x49,0x12,0xa0,0x49,0x12,0xff,0x49,0x12,0xff,0x49,0x12,0xff,0x49,0x12,0xff,0x49,0x12,0xff,0x49,0x12,0xff,0x49,0x12,0xff,
    0x49,0x12,0xaa,0x00,0x00,0x00,0x00,0x00,0x00,0x00,0x00,0x00,0x00,0x00,0x00,0x00,0x00,0x00,0x00,0x00,0x00,0x00,0x00,0x00,
    0x00,0x00,0x00,0x00,0x00,0x00,0x00,0x00,0x00,0x00,0x00,0x00,0x00,0x00,0x00,0x00,0x00,0x00,0x00,0x00,0x00,0x00,0x00,0x00,
    0x00,0x00,0x00,0x00,0x00,0x00,0x00,0x00,0x00,0x49,0x12,0x55,0x49,0x12,0xff,0x49,0x12,0xff,0x49,0x12,0xff,0x49,0x12,0xff,
    0x49,0x12,0xff,0x49,0x12,0xff,0x49,0x12,0xff,0x49,0x12,0xff,0x49,0x12,0x6a,0x00,0x00,0x00,0x00,0x00,0x00,0x00,0x00,0x00,
    0x00,0x00,0x00,0x00,0x00,0x00,0x00,0x00,0x00,0x00,0x00,0x00,0x00,0x00,0x00,0x00,0x00,0x00,0x00,0x00,0x00,0x00,0x00,0x00,
    0x43,0xfd,0x65,0x43,0xfd,0xb4,0x43,0xfd,0xa4,0x43,0xfd,0xc0,0x43,0xfd,0xfb,0x43,0xfd,0xff,0x43,0xfd,0xff,0x43,0xfd,0xff,
    0x43,0xfd,0xff,0x43,0xfd,0xff,0x43,0xfd,0xff,0x43,0xfd,0xff,0x43,0xfd,0xff,0x43,0xfd,0xff,0x43,0xfd,0xfb,0x43,0xfd,0x90,
    0x43,0xfd,0x14,0x00,0x00,0x00,0x00,0x00,0x00,0x00,0x00,0x00,0x00,0x00,0x00,0x00,0x00,0x00,0x00,0x00,0x00,0x00,0x00,0x00,
    0x00,0x00,0x00,0x00,0x00,0x00,0x00,0x00,0x00,0x00,0x00,0x00,0x49,0x12,0xc0,0x49,0x12,0xff,0x49,0x12,0xff,0x49,0x12,0xff,
    0x49,0x12,0xff,0x49,0x12,0xff,0x49,0x12,0xff,0x49,0x12,0xff,0x49,0x12,0xe0,0x49,0x12,0x40,0x00,0x00,0x00,0x00,0x00,0x00,
    0x00,0x00,0x00,0x00,0x00,0x00,0x00,0x00,0x00,0x00,0x00,0x00,0x00,0x00,0x00,0x00,0x00,0x00,0x00,0x00,0x00,0x00,0x00,0x00,
    0x00,0x00,0x00,0x00,0x00,0x00,0x00,0x00,0x00,0x00,0x00,0x00,0x00,0x00,0x00,0x00,0x00,0x00,0x49,0x12,0x60,0x49,0x12,0xea,
    0x49,0x12,0xff,0x49,0x12,0xff,0x49,0x12,0xff,0x49,0x12,0xff,0x49,0x12,0xff,0x49,0x12,0xff,0x49,0x12,0xc0,0x49,0x12,0x40,
    0x00,0x00,0x00,0x00,0x00,0x00,0x00,0x00,0x00,0x00,0x00,0x00,0x00,0x00,0x00,0x00,0x00,0x00,0x00,0x00,0x00,0x00,0x00,0x00,
    0x00,0x00,0x00,0x00,0x00,0x00,0x49,0x12,0x20,0x49,0x12,0xa0,0x49,0x12,0xff,0x49,0x12,0xff,0x49,0x12,0xff,0x49,0x12,0xff,
    0x49,0x12,0xff,0x49,0x12,0xff,0x49,0x12,0xff,0x49,0x12,0xff,0x49,0x12,0xff,0x49,0x12,0xff,0x49,0x12,0xff,0x49,0x12,0xff,
    0x49,0x12,0xff,0x49,0x12,0xff,0x49,0x12,0xff,0x49,0x12,0xff,0x49,0x12,0xff,0x49,0x12,0xff,0x49,0x12,0xff,0x49,0x12,0xff,
    0x49,0x12,0xff,0x49,0x12,0xff,0x49,0x12,0xff,0x49,0x12,0xff,0x49,0x12,0xff,0x49,0x12,0xff,0x49,0x12,0xff,0x49,0x12,0xff,
    0x49,0x12,0xff,0x49,0x12,0xff,0x49,0x12,0xfb,0x49,0x12,0x9a,0x49,0x12,0x18,0x00,0x00,0x00,0x00,0x00,0x00,0x00,0x00,0x00,
    0x00,0x00,0x00,0x49,0x12,0xaa,0x49,0x12,0xff,0x49,0x12,0xff,0x49,0x12,0xff,0x49,0x12,0xff,0x49,0x12,0xff,0x49,0x12,0xff,
    0x49,0x12,0xff,0x49,0x12,0xff,0x49,0x12,0xff,0x49,0x12,0xff,0x49,0x12,0xff,0x49,0x12,0xff,0x49,0x12,0xff,0x49,0x12,0xff,
    0x49,0x12,0xff,0x49,0x12,0xff,0x49,0x12,0xff,0x49,0x12,0xfb,0x49,0x12,0x7c,0x49,0x12,0x24,0x00,0x00,0x00,0x00,0x00,0x00,
    0x00,0x00,0x00,0x00,0x00,0x00,0x00,0x00,0x00,0x00,0x00,0x00,0x00,0x00,0x00,0x00,0x00,0x00,0x00,0x00,0x00,0x00,0x00,0x00,
    0x00,0x00,0x00,0x00,0x00,0x00,0x00,0x00,0x00,0x49,0x12,0x90,0x49,0x12,0xff,0x49,0x12,0xff,0x49,0x12,0xff,0x49,0x12,0xff,
    0x49,0x12,0xff,0x49,0x12,0xff,0x49,0x12,0xff,0x49,0x12,0xff,0x49,0x12,0xa8,0x49,0x12,0x0c,0x00,0x00,0x00,0x00,0x00,0x00,
    0x00,0x00,0x00,0x00,0x00,0x00,0x00,0x00,0x00,0x00,0x00,0x00,0x49,0x12,0x10,0x49,0x12,0xad,0x49,0x12,0xff,0x49,0x12,0xff,
    0x49,0x12,0xff,0x49,0x12,0xff,0x49,0x12,0xff,0x49,0x12,0xff,0x49,0x12,0xff,0x49,0x12,0xff,0x49,0x12,0xff,0x49,0x12,0xff,
    0x49,0x12,0xff,0x49,0x12,0xff,0x49,0x12,0xff,0x49,0x12,0xff,0x49,0x12,0xff,0x49,0x12,0xff,0x49,0x12,0xff,0x49,0x12,0xff,
    0x49,0x12,0xff,0x49,0x12,0xff,0x49,0x12,0xff,0x49,0x12,0xff,0x49,0x12,0xff,0x49,0x12,0xff,0x49,0x12,0xff,0x49,0x12,0xff,
    0x49,0x12,0xff,0x49,0x12,0xff,0x49,0x12,0xff,0x49,0x12,0xff,0x49,0x12,0xff,0x49,0x12,0xff,0x49,0x12,0xff,0x49,0x12,0xff,
    0x49,0x12,0xff,0x49,0x12,0xff,0x49,0x12,0xff,0x49,0x12,0xff,0x49,0x12,0xff,0x49,0x12,0xff,0x49,0x12,0xe7,0x49,0x12,0xa0,
    0x49,0x12,0x28,0x00,0x00,0x00,0x00,0x00,0x00,0x49,0x12,0x15,0x49,0x12,0xa0,0x49,0x12,0xff,0x49,0x12,0xff,0x49,0x12,0xff,
    0x49,0x12,0xff,0x49,0x12,0xff,0x49,0x12,0xff,0x49,0x12,0xff,0x49,0x12,0xaa,0x00,0x00,0x00,0x00,0x00,0x00,0x00,0x00,0x00,
    0x00,0x00,0x00,0x00,0x00,0x00,0x00,0x00,0x00,0x00,0x00,0x00,0x00,0x00,0x00,0x00,0x00,0x00,0x00,0x00,0x00,0x00,0x00,0x00,
    0x00,0x00,0x00,0x00,0x00,0x00,0x00,0x00,0x00,0x00,0x00,0x00,0x00,0x00,0x00,0x00,0x00,0x00,0x00,0x00,0x00,0x49,0x12,0x55,
    0x49,0x12,0xff,0x49,0x12,0xff,0x49,0x12,0xff,0x49,0x12,0xff,0x49,0x12,0xff,0x49,0x12,0xff,0x49,0x12,0xff,0x49,0x12,0xff,
    0x49,0x12,0x6a,0x00,0x00,0x00,0x00,0x00,0x00,0x00,0x00,0x00,0x00,0x00,0x00,0x00,0x00,0x00,0x00,0x00,0x00,0x00,0x00,0x00,
    0x00,0x00,0x00,0x00,0x00,0x00,0x00,0x00,0x00,0x00,0x00,0x00,0x43,0xfd,0x1b,0x43,0xfd,0x34,0x43,0xfd,0x24,0x43,0xfd,0x85,
    0x43,0xfd,0xfb,0x43,0xfd,0xff,0x43,0xfd,0xff,0x43,0xfd,0xff,0x43,0xfd,0xff,0x43,0xfd,0xff,0x43,0xfd,0xff,0x43,0xfd,0xff,
    0x43,0xfd,0xff,0x43,0xfd,0xf3,0x43,0xfd,0xb4,0x43,0xfd,0x33,0x00,0x00,0x00,0x00,0x00,0x00,0x00,0x00,0x00,0x00,0x00,0x00,
    0x00,0x00,0x00,0x00,0x00,0x00,0x00,0x00,0x00,0x00,0x00,0x00,0x00,0x00,0x00,0x00,0x00,0x00,0x00,0x00,0x00,0x00,0x00,0x00,
    0x49,0x12,0xc0,0x49,0x12,0xff,0x49,0x12,0xff,0x49,0x12,0xff,0x49,0x12,0xff,0x49,0x12,0xff,0x49,0x12,0xff,0x49,0x12,0xff,
    0x49,0x12,0xe0,0x49,0x12,0x40,0x00,0x00,0x00,0x00,0x00,0x00,0x00,0x00,0x00,0x00,0x00,0x00,0x00,0x00,0x00,0x00,0x00,0x00,
    0x00,0x00,0x00,0x00,0x00,0x00,0x00,0x00,0x00,0x00,0x00,0x00,0x00,0x00,0x00,0x00,0x00,0x00,0x00,0x00,0x00,0x00,0x00,0x00,
    0x00,0x00,0x00,0x00,0x00,0x00,0x49,0x12,0x60,0x49,0x12,0xea,0x49,0x12,0xff,0x49,0x12,0xff,0x49,0x12,0xff,0x49,0x12,0xff,
    0x49,0x12,0xff,0x49,0x12,0xff,0x49,0x12,0xc0,0x49,0x12,0x40,0x00,0x00,0x00,0x00,0x00,0x00,0x00,0x00,0x00,0x00,0x00,0x00,
    0x00,0x00,0x00,0x00,0x00,0x00,0x00,0x00,0x00,0x00,0x00,0x00,0x00,0x00,0x00,0x00,0x00,0x00,0x49,0x12,0x15,0x49,0x12,0x95,
    0x49,0x12,0xff,0x49,0x12,0xff,0x49,0x12,0xff,0x49,0x12,0xff,0x49,0x12,0xff,0x49,0x12,0xff,0x49,0x12,0xff,0x49,0x12,0xff,
    0x49,0x12,0xff,0x49,0x12,0xff,0x49,0x12,0xff,0x49,0x12,0xff,0x49,0x12,0xff,0x49,0x12,0xff,0x49,0x12,0xff,0x49,0x12,0xff,
    0x49,0x12,0xff,0x49,0x12,0xff,0x49,0x12,0xff,0x49,0x12,0xff,0x49,0x12,0xff,0x49,0x12,0xff,0x49,0x12,0xff,0x49,0x12,0xff,
    0x49,0x12,0xff,0x49,0x12,0xff,0x49,0x12,0xff,0x49,0x12,0xfd,0x49,0x12,0xd8,0x49,0x12,0xa0,0x49,0x12,0x70,0x49,0x12,0x25,
    0x00,0x00,0x00,0x00,0x00,0x00,0x00,0x00,0x00,0x00,0x00,0x00,0x00,0x00,0x00,0x49,0x12,0xaa,0x49,0x12,0xff,0x49,0x12,0xff,
    0x49,0x12,0xff,0x49,0x12,0xff,0x49,0x12,0xff,0x49,0x12,0xff,0x49,0x12,0xff,0x49,0x12,0xf7,0x49,0x12,0xfa,0x49,0x12,0xff,
    0x49,0x12,0xff,0x49,0x12,0xff,0x49,0x12,0xff,0x49,0x12,0xff,0x49,0x12,0xff,0x49,0x12,0xff,0x49,0x12,0xff,0x49,0x12,0xff,
    0x49,0x12,0xed,0x49,0x12,0xb5,0x49,0x12,0x6d,0x49,0x12,0x1b,0x00,0x00,0x00,0x00,0x00,0x00,0x00,0x00,0x00,0x00,0x00,0x00,
    0x00,0x00,0x00,0x00,0x00,0x00,0x00,0x00,0x00,0x00,0x00,0x00,0x00,0x00,0x00,0x00,0x00,0x00,0x00,0x00,0x00,0x49,0x12,0x55,
    0x49,0x12,0xe7,0x49,0x12,0xff,0x49,0x12,0xff,0x49,0x12,0xff,0x49,0x12,0xff,0x49,0x12,0xff,0x49,0x12,0xff,0x49,0x12,0xff,
    0x49,0x12,0xdd,0x49,0x12,0x53,0x49,0x12,0x05,0x00,0x00,0x00,0x00,0x00,0x00,0x00,0x00,0x00,0x00,0x00,0x00,0x49,0x12,0x05,
    0x49,0x12,0x55,0x49,0x12,0xdf,0x49,0x12,0xff,0x49,0x12,0xff,0x49,0x12,0xff,0x49,0x12,0xff,0x49,0x12,0xff,0x49,0x12,0xff,
    0x49,0x12,0xff,0x49,0x12,0xff,0x49,0x12,0xff,0x49,0x12,0xff,0x49,0x12,0xff,0x49,0x12,0xff,0x49,0x12,0xff,0x49,0x12,0xff,
    0x49,0x12,0xff,0x49,0x12,0xff,0x49,0x12,0xff,0x49,0x12,0xff,0x49,0x12,0xff,0x49,0x12,0xff,0x49,0x12,0xff,0x49,0x12,0xff,
    0x49,0x12,0xff,0x49,0x12,0xff,0x49,0x12,0xff,0x49,0x12,0xff,0x49,0x12,0xff,0x49,0x12,0xff,0x49,0x12,0xff,0x49,0x12,0xff,
    0x49,0x12,0xff,0x49,0x12,0xff,0x49,0x12,0xff,0x49,0x12,0xff,0x49,0x12,0xff,0x49,0x12,0xff,0x49,0x12,0xff,0x49,0x12,0xf5,
    0x49,0x12,0xda,0x49,0x12,0x9c,0x49,0x12,0x50,0x49,0x12,0x1d,0x49,0x12,0x02,0x00,0x00,0x00,0x00,0x00,0x00,0x49,0x12,0x15,
    0x49,0x12,0xa0,0x49,0x12,0xff,0x49,0x12,0xff,0x49,0x12,0xff,0x49,0x12,0xff,0x49,0x12,0xff,0x49,0x12,0xff,0x49,0x12,0xff,
    0x49,0x12,0xaa,0x00,0x00,0x00,0x00,0x00,0x00,0x00,0x00,0x00,0x00,0x00,0x00,0x00,0x00,0x00,0x00,0x00,0x00,0x00,0x00,0x00,
    0x00,0x00,0x00,0x00,0x00,0x00,0x00,0x00,0x00,0x00,0x00,0x00,0x00,0x00,0x00,0x00,0x00,0x00,0x00,0x00,0x00,0x00,0x00,0x00,
    0x00,0x00,0x00,0x00,0x00,0x00,0x00,0x00,0x00,0x49,0x12,0x55,0x49,0x12,0xff,0x49,0x12,0xff,0x49,0x12,0xff,0x49,0x12,0xff,
    0x49,0x12,0xff,0x49,0x12,0xff,0x49,0x12,0xff,0x49,0x12,0xff,0x49,0x12,0x6a,0x00,0x00,0x00,0x00,0x00,0x00,0x00,0x00,0x00,
    0x00,0x00,0x00,0x00,0x00,0x00,0x00,0x00,0x00,0x00,0x00,0x00,0x00,0x00,0x00,0x00,0x00,0x00,0x00,0x00,0x00,0x00,0x00,0x00,
    0x00,0x00,0x00,0x43,0xfd,0x08,0x43,0xfd,0x40,0x43,0xfd,0xc5,0x43,0xfd,0xff,0x43,0xfd,0xff,0x43,0xfd,0xff,0x43,0xfd,0xff,
    0x43,0xfd,0xff,0x43,0xfd,0xff,0x43,0xfd,0xff,0x43,0xfd,0xff,0x43,0xfd,0xcf,0x43,0xfd,0x6d,0x43,0xfd,0x28,0x43,0xfd,0x02,
    0x00,0x00,0x00,0x00,0x00,0x00,0x00,0x00,0x00,0x00,0x00,0x00,0x00,0x00,0x00,0x00,0x00,0x00,0x00,0x00,0x00,0x00,0x00,0x00,
    0x00,0x00,0x00,0x00,0x00,0x00,0x00,0x00,0x00,0x00,0x00,0x00,0x49,0x12,0xc0,0x49,0x12,0xff,0x49,0x12,0xff,0x49,0x12,0xff,
    0x49,0x12,0xff,0x49,0x12,0xff,0x49,0x12,0xff,0x49,0x12,0xff,0x49,0x12,0xe0,0x49,0x12,0x40,0x00,0x00,0x00,0x00,0x00,0x00,
    0x00,0x00,0x00,0x00,0x00,0x00,0x00,0x00,0x00,0x00,0x00,0x00,0x00,0x00,0x00,0x00,0x00,0x00,0x00,0x00,0x00,0x00,0x00,0x00,
    0x00,0x00,0x00,0x00,0x00,0x00,0x00,0x00,0x00,0x00,0x00,0x00,0x00,0x00,0x00,0x00,0x00,0x00,0x49,0x12,0x60,0x49,0x12,0xea,
    0x49,0x12,0xff,0x49,0x12,0xff,0x49,0x12,0xff,0x49,0x12,0xff,0x49,0x12,0xff,0x49,0x12,0xff,0x49,0x12,0xc0,0x49,0x12,0x40,
    0x00,0x00,0x00,0x00,0x00,0x00,0x00,0x00,0x00,0x00,0x00,0x00,0x00,0x00,0x00,0x00,0x00,0x00,0x00,0x00,0x00,0x00,0x00,0x00,
    0x00,0x00,0x00,0x00,0x00,0x00,0x00,0x00,0x00,0x49,0x12,0x80,0x49,0x12,0xff,0x49,0x12,0xff,0x49,0x12,0xff,0x49,0x12,0xff,
    0x49,0x12,0xff,0x49,0x12,0xff,0x49,0x12,0xff,0x49,0x12,0xff,0x49,0x12,0xff,0x49,0x12,0xff,0x49,0x12,0xff,0x49,0x12,0xff,
    0x49,0x12,0xff,0x49,0x12,0xff,0x49,0x12,0xff,0x49,0x12,0xff,0x49,0x12,0xff,0x49,0x12,0xff,0x49,0x12,0xff,0x49,0x12,0xff,
    0x49,0x12,0xff,0x49,0x12,0xff,0x49,0x12,0xff,0x49,0x12,0xff,0x49,0x12,0xff,0x49,0x12,0xe7,0x49,0x12,0xb8,0x49,0x12,0x90,
    0x49,0x12,0x45,0x49,0x12,0x08,0x00,0x00,0x00,0x00,0x00,0x00,0x00,0x00,0x00,0x00,0x00,0x00,0x00,0x00,0x00,0x00,0x00,0x00,
    0x00,0x00,0x00,0x49,0x12,0xaa,0x49,0x12,0xff,0x49,0x12,0xff,0x49,0x12,0xff,0x49,0x12,0xff,0x49,0x12,0xff,0x49,0x12,0xff,
    0x49,0x12,0xff,0x49,0x12,0xd4,0x49,0x12,0xc0,0x49,0x12,0xfb,0x49,0x12,0xff,0x49,0x12,0xff,0x49,0x12,0xff,0x49,0x12,0xff,
    0x49,0x12,0xff,0x49,0x12,0xff,0x49,0x12,0xff,0x49,0x12,0xff,0x49,0x12,0xff,0x49,0x12,0xff,0x49,0x12,0xf3,0x49,0x12,0x80,
    0x49,0x12,0x0c,0x00,0x00,0x00,0x00,0x00,0x00,0x00,0x00,0x00,0x00,0x00,0x00,0x00,0x00,0x00,0x00,0x00,0x00,0x00,0x00,0x00,
    0x00,0x00,0x00,0x00,0x00,0x00,0x00,0x00,0x00,0x49,0x12,0x18,0x49,0x12,0xa0,0x49,0x12,0xfb,0x49,0x12,0xff,0x49,0x12,0xff,
    0x49,0x12,0xff,0x49,0x12,0xff,0x49,0x12,0xff,0x49,0x12,0xff,0x49,0x12,0xff,0x49,0x12,0xb0,0x49,0x12,0x30,0x00,0x00,0x00,
    0x00,0x00,0x00,0x00,0x00,0x00,0x00,0x00,0x00,0x49,0x12,0x2c,0x49,0x12,0xac,0x49,0x12,0xff,0x49,0x12,0xff,0x49,0x12,0xff,
    0x49,0x12,0xff,0x49,0x12,0xff,0x49,0x12,0xff,0x49,0x12,0xff,0x49,0x12,0xff,0x49,0x12,0xff,0x49,0x12,0xff,0x49,0x12,0xff,
    0x49,0x12,0xff,0x49,0x12,0xff,0x49,0x12,0xff,0x49,0x12,0xff,0x49,0x12,0xff,0x49,0x12,0xff,0x49,0x12,0xff,0x49,0x12,0xff,
    0x49,0x12,0xff,0x49,0x12,0xff,0x49,0x12,0xff,0x49,0x12,0xff,0x49,0x12,0xff,0x49,0x12,0xff,0x49,0x12,0xff,0x49,0x12,0xff,
    0x49,0x12,0xff,0x49,0x12,0xff,0x49,0x12,0xff,0x49,0x12,0xff,0x49,0x12,0xff,0x49,0x12,0xff,0x49,0x12,0xff,0x49,0x12,0xff,
    0x49,0x12,0xfb,0x49,0x12,0xe8,0x49,0x12,0xb5,0x49,0x12,0x78,0x49,0x12,0x48,0x49,0x12,0x10,0x00,0x00,0x00,0x00,0x00,0x00,
    0x00,0x00,0x00,0x00,0x00,0x00,0x00,0x00,0x00,0x49,0x12,0x15,0x49,0x12,0xa0,0x49,0x12,0xff,0x49,0x12,0xff,0x49,0x12,0xff,
    0x49,0x12,0xff,0x49,0x12,0xff,0x49,0x12,0xff,0x49,0x12,0xff,0x49,0x12,0xaa,0x00,0x00,0x00,0x00,0x00,0x00,0x00,0x00,0x00,
    0x00,0x00,0x00,0x00,0x00,0x00,0x00,0x00,0x00,0x00,0x00,0x00,0x00,0x00,0x00,0x00,0x00,0x00,0x00,0x00,0x00,0x00,0x00,0x00,
    0x00,0x00,0x00,0x00,0x00,0x00,0x00,0x00,0x00,0x00,0x00,0x00,0x00,0x00,0x00,0x00,0x00,0x00,0x00,0x00,0x00,0x49,0x12,0x55,
    0x49,0x12,0xff,0x49,0x12,0xff,0x49,0x12,0xff,0x49,0x12,0xff,0x49,0x12,0xff,0x49,0x12,0xff,0x49,0x12,0xff,0x49,0x12,0xff,
    0x49,0x12,0x6a,0x00,0x00,0x00,0x00,0x00,0x00,0x00,0x00,0x00,0x00,0x00,0x00,0x00,0x00,0x00,0x00,0x00,0x00,0x00,0x00,0x00,
    0x00,0x00,0x00,0x00,0x00,0x00,0x00,0x00,0x00,0x00,0x00,0x00,0x43,0xfd,0x03,0x43,0xfd,0x44,0x43,0xfd,0xbc,0x43,0xfd,0xfd,
    0x43,0xfd,0xff,0x43,0xfd,0xff,0x43,0xfd,0xff,0x43,0xfd,0xff,0x43,0xfd,0xff,0x43,0xfd,0xff,0x43,0xfd,0xff,0x43,0xfd,0xd7,
    0x43,0xfd,0x55,0x00,0x00,0x00,0x00,0x00,0x00,0x00,0x00,0x00,0x00,0x00,0x00,0x00,0x00,0x00,0x00,0x00,0x00,0x00,0x00,0x00,
    0x00,0x00,0x00,0x00,0x00,0x00,0x00,0x00,0x00,0x00,0x00,0x00,0x00,0x00,0x00,0x00,0x00,0x00,0x00,0x00,0x00,0x00,0x00,0x00,
    0x49,0x12,0xc0,0x49,0x12,0xff,0x49,0x12,0xff,0x49,0x12,0xff,0x49,0x12,0xff,0x49,0x12,0xff,0x49,0x12,0xff,0x49,0x12,0xff,
    0x49,0x12,0xe0,0x49,0x12,0x40,0x00,0x00,0x00,0x00,0x00,0x00,0x00,0x00,0x00,0x00,0x00,0x00,0x00,0x00,0x00,0x00,0x00,0x00,
    0x00,0x00,0x00,0x00,0x00,0x00,0x00,0x00,0x00,0x00,0x00,0x00,0x00,0x00,0x00,0x00,0x00,0x00,0x00,0x00,0x00,0x00,0x00,0x00,
    0x00,0x00,0x00,0x00,0x00,0x00,0x49,0x12,0x60,0x49,0x12,0xea,0x49,0x12,0xff,0x49,0x12,0xff,0x49,0x12,0xff,0x49,0x12,0xff,
    0x49,0x12,0xff,0x49,0x12,0xff,0x49,0x12,0xc0,0x49,0x12,0x40,0x00,0x00,0x00,0x00,0x00,0x00,0x00,0x00,0x00,0x00,0x00,0x00,
    0x00,0x00,0x00,0x00,0x00,0x00,0x00,0x00,0x00,0x00,0x00,0x00,0x00,0x00,0x00,0x00,0x00,0x00,0x00,0x00,0x00,0x49,0x12,0x78,
    0x49,0x12,0xfa,0x49,0x12,0xff,0x49,0x12,0xff,0x49,0x12,0xff,0x49,0x12,0xff,0x49,0x12,0xff,0x49,0x12,0xff,0x49,0x12,0xff,
    0x49,0x12,0xff,0x49,0x12,0xff,0x49,0x12,0xff,0x49,0x12,0xff,0x49,0x12,0xff,0x49,0x12,0xff,0x49,0x12,0xff,0x49,0x12,0xff,
    0x49,0x12,0xff,0x49,0x12,0xff,0x49,0x12,0xff,0x49,0x12,0xff,0x49,0x12,0xf7,0x49,0x12,0xe8,0x49,0x12,0xd0,0x49,0x12,0xb0,
    0x49,0x12,0x94,0x49,0x12,0x6b,0x49,0x12,0x38,0x49,0x12,0x14,0x00,0x00,0x00,0x00,0x00,0x00,0x00,0x00,0x00,0x00,0x00,0x00,
    0x00,0x00,0x00,0x00,0x00,0x00,0x00,0x00,0x00,0x00,0x00,0x00,0x00,0x00,0x00,0x49,0x12,0xaa,0x49,0x12,0xff,0x49,0x12,0xff,
    0x49,0x12,0xff,0x49,0x12,0xff,0x49,0x12,0xff,0x49,0x12,0xff,0x49,0x12,0xff,0x49,0x12,0xc0,0x49,0x12,0x60,0x49,0x12,0xb0,
    0x49,0x12,0xef,0x49,0x12,0xff,0x49,0x12,0xff,0x49,0x12,0xff,0x49,0x12,0xff,0x49,0x12,0xff,0x49,0x12,0xff,0x49,0x12,0xff,
    0x49,0x12,0xff,0x49,0x12,0xff,0x49,0x12,0xff,0x49,0x12,0xd8,0x49,0x12,0x54,0x49,0x12,0x0c,0x00,0x00,0x00,0x00,0x00,0x00,
    0x00,0x00,0x00,0x00,0x00,0x00,0x00,0x00,0x00,0x00,0x00,0x00,0x00,0x00,0x00,0x00,0x00,0x00,0x00,0x00,0x00,0x49,0x12,0x03,
    0x49,0x12,0x60,0x49,0x12,0xdc,0x49,0x12,0xff,0x49,0x12,0xff,0x49,0x12,0xff,0x49,0x12,0xff,0x49,0x12,0xff,0x49,0x12,0xff,
    0x49,0x12,0xff,0x49,0x12,0xe4,0x49,0x12,0x68,0x49,0x12,0x03,0x00,0x00,0x00,0x00,0x00,0x00,0x49,0x12,0x03,0x49,0x12,0x64,
    0x49,0x12,0xe0,0x49,0x12,0xff,0x49,0x12,0xff,0x49,0x12,0xff,0x49,0x12,0xff,0x49,0x12,0xff,0x49,0x12,0xff,0x49,0x12,0xff,
    0x49,0x12,0xff,0x49,0x12,0xff,0x49,0x12,0xff,0x49,0x12,0xff,0x49,0x12,0xff,0x49,0x12,0xff,0x49,0x12,0xff,0x49,0x12,0xff,
    0x49,0x12,0xff,0x49,0x12,0xff,0x49,0x12,0xff,0x49,0x12,0xff,0x49,0x12,0xff,0x49,0x12,0xff,0x49,0x12,0xff,0x49,0x12,0xff,
    0x49,0x12,0xff,0x49,0x12,0xff,0x49,0x12,0xff,0x49,0x12,0xff,0x49,0x12,0xff,0x49,0x12,0xff,0x49,0x12,0xff,0x49,0x12,0xff,
    0x49,0x12,0xf5,0x49,0x12,0xe0,0x49,0x12,0xd0,0x49,0x12,0xad,0x49,0x12,0x88,0x49,0x12,0x68,0x49,0x12,0x35,0x49,0x12,0x08,
    0x00,0x00,0x00,0x00,0x00,0x00,0x00,0x00,0x00,0x00,0x00,0x00,0x00,0x00,0x00,0x00,0x00,0x00,0x00,0x00,0x00,0x49,0x12,0x15,
    0x49,0x12,0xa0,0x49,0x12,0xff,0x49,0x12,0xff,0x49,0x12,0xff,0x49,0x12,0xff,0x49,0x12,0xff,0x49,0x12,0xff,0x49,0x12,0xff,
    0x49,0x12,0xaa,0x00,0x00,0x00,0x00,0x00,0x00,0x00,0x00,0x00,0x00,0x00,0x00,0x00,0x00,0x00,0x00,0x00,0x00,0x00,0x00,0x00,
    0x00,0x00,0x00,0x00,0x00,0x00,0x00,0x00,0x00,0x00,0x00,0x00,0x00,0x00,0x00,0x00,0x00,0x00,0x00,0x00,0x00,0x00,0x00,0x00,
    0x00,0x00,0x00,0x00,0x00,0x00,0x00,0x00,0x00,0x49,0x12,0x55,0x49,0x12,0xff,0x49,0x12,0xff,0x49,0x12,0xff,0x49,0x12,0xff,
    0x49,0x12,0xff,0x49,0x12,0xff,0x49,0x12,0xff,0x49,0x12,0xff,0x49,0x12,0x6a,0x00,0x00,0x00,0x00,0x00,0x00,0x00,0x00,0x00,
    0x00,0x00,0x00,0x00,0x00,0x00,0x00,0x00,0x00,0x00,0x00,0x00,0x00,0x00,0x00,0x00,0x00,0x00,0x00,0x00,0x00,0x00,0x00,0x00,
    0x43,0xfd,0x1d,0x43,0xfd,0xa0,0x43,0xfd,0xf3,0x43,0xfd,0xff,0x43,0xfd,0xff,0x43,0xfd,0xff,0x43,0xfd,0xff,0x43,0xfd,0xff,
    0x43,0xfd,0xff,0x43,0xfd,0xfd,0x43,0xfd,0xcc,0x43,0xfd,0x68,0x43,0xfd,0x10,0x00,0x00,0x00,0x00,0x00,0x00,0x00,0x00,0x00,
    0x00,0x00,0x00,0x00,0x00,0x00,0x00,0x00,0x00,0x00,0x00,0x00,0x00,0x00,0x00,0x00,0x00,0x00,0x00,0x00,0x00,0x00,0x00,0x00,
    0x00,0x00,0x00,0x00,0x00,0x00,0x00,0x00,0x00,0x00,0x00,0x00,0x49,0x12,0xc0,0x49,0x12,0xff,0x49,0x12,0xff,0x49,0x12,0xff,
    0x49,0x12,0xff,0x49,0x12,0xff,0x49,0x12,0xff,0x49,0x12,0xff,0x49,0x12,0xe0,0x49,0x12,0x40,0x00,0x00,0x00,0x00,0x00,0x00,
    0x00,0x00,0x00,0x00,0x00,0x00,0x00,0x00,0x00,0x00,0x00,0x00,0x00,0x00,0x00,0x00,0x00,0x00,0x00,0x00,0x00,0x00,0x00,0x00,
    0x00,0x00,0x00,0x00,0x00,0x00,0x00,0x00,0x00,0x00,0x00,0x00,0x00,0x00,0x00,0x00,0x00,0x00,0x49,0x12,0x60,0x49,0x12,0xea,
    0x49,0x12,0xff,0x49,0x12,0xff,0x49,0x12,0xff,0x49,0x12,0xff,0x49,0x12,0xff,0x49,0x12,0xff,0x49,0x12,0xc0,0x49,0x12,0x40,
    0x00,0x00,0x00,0x00,0x00,0x00,0x00,0x00,0x00,0x00,0x00,0x00,0x00,0x00,0x00,0x00,0x00,0x00,0x00,0x00,0x00,0x00,0x00,0x00,
    0x00,0x00,0x00,0x00,0x00,0x00,0x00,0x00,0x00,0x49,0x12,0x5b,0x49,0x12,0xe6,0x49,0x12,0xff,0x49,0x12,0xff,0x49,0x12,0xff,
    0x49,0x12,0xff,0x49,0x12,0xff,0x49,0x12,0xff,0x49,0x12,0xff,0x49,0x12,0xc2,0x49,0x12,0x78,0x49,0x12,0x6a,0x49,0x12,0x6a,
    0x49,0x12,0x6a,0x49,0x12,0x6a,0x49,0x12,0x6a,0x49,0x12,0x6a,0x49,0x12,0x6a,0x49,0x12,0x6a,0x49,0x12,0x68,0x49,0x12,0x5a,
    0x49,0x12,0x50,0x49,0x12,0x45,0x49,0x12,0x35,0x49,0x12,0x20,0x49,0x12,0x0d,0x49,0x12,0x02,0x00,0x00,0x00,0x00,0x00,0x00,
    0x00,0x00,0x00,0x00,0x00,0x00,0x00,0x00,0x00,0x00,0x00,0x00,0x00,0x00,0x00,0x00,0x00,0x00,0x00,0x00,0x00,0x00,0x00,0x00,
    0x00,0x00,0x00,0x49,0x12,0xaa,0x49,0x12,0xff,0x49,0x12,0xff,0x49,0x12,0xff,0x49,0x12,0xff,0x49,0x12,0xff,0x49,0x12,0xff,
    0x49,0x12,0xff,0x49,0x12,0xc0,0x49,0x12,0x2c,0x49,0x12,0x23,0x49,0x12,0x63,0x49,0x12,0xc3,0x49,0x12,0xfd,0x49,0x12,0xff,
    0x49,0x12,0xff,0x49,0x12,0xff,0x49,0x12,0xff,0x49,0x12,0xff,0x49,0x12,0xff,0x49,0x12,0xff,0x49,0x12,0xff,0x49,0x12,0xfd,
    0x49,0x12,0xda,0x49,0x12,0x98,0x49,0x12,0x32,0x00,0x00,0x00,0x00,0x00,0x00,0x00,0x00,0x00,0x00,0x00,0x00,0x00,0x00,0x00,
    0x00,0x00,0x00,0x00,0x00,0x00,0x00,0x00,0x00,0x00,0x00,0x00,0x49,0x12,0x18,0x49,0x12,0x80,0x49,0x12,0xef,0x49,0x12,0xff,
    0x49,0x12,0xff,0x49,0x12,0xff,0x49,0x12,0xff,0x49,0x12,0xff,0x49,0x12,0xff,0x49,0x12,0xfd,0x49,0x12,0xbd,0x49,0x12,0x2c,
    0x00,0x00,0x00,0x00,0x00,0x00,0x49,0x12,0x27,0x49,0x12,0xb8,0x49,0x12,0xfd,0x49,0x12,0xff,0x49,0x12,0xff,0x49,0x12,0xff,
    0x49,0x12,0xff,0x49,0x12,0xff,0x49,0x12,0xff,0x49,0x12,0xcf,0x49,0x12,0x72,0x49,0x12,0x6a,0x49,0x12,0x71,0x49,0x12,0xbf,
    0x49,0x12,0xff,0x49,0x12,0xff,0x49,0x12,0xff,0x49,0x12,0xff,0x49,0x12,0xff,0x49,0x12,0xff,0x49,0x12,0xff,0x49,0x12,0xff,
    0x49,0x12,0x98,0x49,0x12,0x6a,0x49,0x12,0x6a,0x49,0x12,0x6a,0x49,0x12,0x6a,0x49,0x12,0x6a,0x49,0x12,0x6a,0x49,0x12,0x6a,
    0x49,0x12,0x6a,0x49,0x12,0x6a,0x49,0x12,0x62,0x49,0x12,0x58,0x49,0x12,0x4e,0x49,0x12,0x40,0x49,0x12,0x35,0x49,0x12,0x1e,
    0x49,0x12,0x08,0x00,0x00,0x00,0x00,0x00,0x00,0x00,0x00,0x00,0x00,0x00,0x00,0x00,0x00,0x00,0x00,0x00,0x00,0x00,0x00,0x00,
    0x00,0x00,0x00,0x00,0x00,0x00,0x00,0x00,0x00,0x49,0x12,0x15,0x49,0x12,0xa0,0x49,0x12,0xff,0x49,0x12,0xff,0x49,0x12,0xff,
    0x49,0x12,0xff,0x49,0x12,0xff,0x49,0x12,0xff,0x49,0x12,0xff,0x49,0x12,0xaa,0x00,0x00,0x00,0x00,0x00,0x00,0x00,0x00,0x00,
    0x00,0x00,0x00,0x00,0x00,0x00,0x00,0x00,0x00,0x00,0x00,0x00,0x00,0x00,0x00,0x00,0x00,0x00,0x00,0x00,0x00,0x00,0x00,0x00,
    0x00,0x00,0x00,0x00,0x00,0x00,0x00,0x00,0x00,0x00,0x00,0x00,0x00,0x00,0x00,0x00,0x00,0x00,0x00,0x00,0x00,0x49,0x12,0x55,
    0x49,0x12,0xff,0x49,0x12,0xff,0x49,0x12,0xff,0x49,0x12,0xff,0x49,0x12,0xff,0x49,0x12,0xff,0x49,0x12,0xff,0x49,0x12,0xff,
    0x49,0x12,0x6a,0x00,0x00,0x00,0x00,0x00,0x00,0x00,0x00,0x00,0x00,0x00,0x00,0x00,0x00,0x00,0x00,0x00,0x00,0x00,0x00,0x00,
    0x00,0x00,0x00,0x00,0x00,0x00,0x00,0x00,0x00,0x43,0xfd,0x08,0x43,0xfd,0x75,0x43,0xfd,0xef,0x43,0xfd,0xff,0x43,0xfd,0xff,
    0x43,0xfd,0xff,0x43,0xfd,0xff,0x43,0xfd,0xff,0x43,0xfd,0xff,0x43,0xfd,0xf7,0x43,0xfd,0xa7,0x43,0xfd,0x3b,0x43,0xfd,0x0b,
    0x00,0x00,0x00,0x00,0x00,0x00,0x00,0x00,0x00,0x00,0x00,0x00,0x00,0x00,0x00,0x00,0x00,0x00,0x00,0x00,0x00,0x00,0x00,0x00,
    0x00,0x00,0x00,0x00,0x00,0x00,0x00,0x00,0x00,0x00,0x00,0x00,0x00,0x00,0x00,0x00,0x00,0x00,0x00,0x00,0x00,0x00,0x00,0x00,
    0x49,0x12,0xc0,0x49,0x12,0xff,0x49,0x12,0xff,0x49,0x12,0xff,0x49,0x12,0xff,0x49,0x12,0xff,0x49,0x12,0xff,0x49,0x12,0xff,
    0x49,0x12,0xe0,0x49,0x12,0x40,0x00,0x00,0x00,0x00,0x00,0x00,0x00,0x00,0x00,0x00,0x00,0x00,0x00,0x00,0x00,0x00,0x00,0x00,
    0x00,0x00,0x00,0x00,0x00,0x00,0x00,0x00,0x00,0x00,0x00,0x00,0x00,0x00,0x00,0x00,0x00,0x00,0x00,0x00,0x00,0x00,0x00,0x00,
    0x00,0x00,0x00,0x00,0x00,0x00,0x49,0x12,0x60,0x49,0x12,0xea,0x49,0x12,0xff,0x49,0x12,0xff,0x49,0x12,0xff,0x49,0x12,0xff,
    0x49,0x12,0xff,0x49,0x12,0xff,0x49,0x12,0xc0,0x49,0x12,0x40,0x00,0x00,0x00,0x00,0x00,0x00,0x00,0x00,0x00,0x00,0x00,0x00,
    0x00,0x00,0x00,0x00,0x00,0x00,0x00,0x00,0x00,0x00,0x00,0x00,0x00,0x00,0x00,0x00,0x00,0x00,0x00,0x00,0x00,0x49,0x12,0x34,
    0x49,0x12,0xcd,0x49,0x12,0xff,0x49,0x12,0xff,0x49,0x12,0xff,0x49,0x12,0xff,0x49,0x12,0xff,0x49,0x12,0xff,0x49,0x12,0xff,
    0x49,0x12,0xbc,0x49,0x12,0x3c,0x00,0x00,0x00,0x00,0x00,0x00,0x00,0x00,0x00,0x00,0x00,0x00,0x00,0x00,0x00,0x00,0x00,0x00,
    0x00,0x00,0x00,0x00,0x00,0x00,0x00,0x00,0x00,0x00,0x00,0x00,0x00,0x00,0x00,0x00,0x00,0x00,0x00,0x00,0x00,0x00,0x00,0x00,
    0x00,0x00,0x00,0x00,0x00,0x00,0x00,0x00,0x00,0x00,0x00,0x00,0x00,0x00,0x00,0x00,0x00,0x00,0x00,0x00,0x00,0x00,0x00,0x00,
    0x00,0x00,0x00,0x00,0x00,0x00,0x00,0x00,0x00,0x00,0x00,0x00,0x00,0x00,0x00,0x49,0x12,0xaa,0x49,0x12,0xff,0x49,0x12,0xff,
    0x49,0x12,0xff,0x49,0x12,0xff,0x49,0x12,0xff,0x49,0x12,0xff,0x49,0x12,0xff,0x49,0x12,0xc0,0x49,0x12,0x2b,0x00,0x00,0x00,
    0x00,0x00,0x00,0x49,0x12,0x40,0x49,0x12,0xc0,0x49,0x12,0xf7,0x49,0x12,0xff,0x49,0x12,0xff,0x49,0x12,0xff,0x49,0x12,0xff,
    0x49,0x12,0xff,0x49,0x12,0xff,0x49,0x12,0xff,0x49,0x12,0xff,0x49,0x12,0xff,0x49,0x12,0xff,0x49,0x12,0xa0,0x49,0x12,0x18,
    0x00,0x00,0x00,0x00,0x00,0x00,0x00,0x00,0x00,0x00,0x00,0x00,0x00,0x00,0x00,0x00,0x00,0x00,0x00,0x00,0x00,0x00,0x00,0x00,
    0x00,0x00,0x00,0x49,0x12,0x24,0x49,0x12,0xc0,0x49,0x12,0xff,0x49,0x12,0xff,0x49,0x12,0xff,0x49,0x12,0xff,0x49,0x12,0xff,
    0x49,0x12,0xff,0x49,0x12,0xff,0x49,0x12,0xfb,0x49,0x12,0x6b,0x00,0x00,0x00,0x00,0x00,0x00,0x49,0x12,0x60,0x49,0x12,0xf7,
    0x49,0x12,0xff,0x49,0x12,0xff,0x49,0x12,0xff,0x49,0x12,0xff,0x49,0x12,0xff,0x49,0x12,0xff,0x49,0x12,0xff,0x49,0x12,0x8a,
    0x00,0x00,0x00,0x00,0x00,0x00,0x49,0x12,0x03,0x49,0x12,0x78,0x49,0x12,0xf3,0x49,0x12,0xff,0x49,0x12,0xff,0x49,0x12,0xff,
    0x49,0x12,0xff,0x49,0x12,0xff,0x49,0x12,0xff,0x49,0x12,0xff,0x49,0x12,0x70,0x49,0x12,0x04,0x00,0x00,0x00,0x00,0x00,0x00,
    0x00,0x00,0x00,0x00,0x00,0x00,0x00,0x00,0x00,0x00,0x00,0x00,0x00,0x00,0x00,0x00,0x00,0x00,0x00,0x00,0x00,0x00,0x00,0x00,
    0x00,0x00,0x00,0x00,0x00,0x00,0x00,0x00,0x00,0x00,0x00,0x00,0x00,0x00,0x00,0x00,0x00,0x00,0x00,0x00,0x00,0x00,0x00,0x00,
    0x00,0x00,0x00,0x00,0x00,0x00,0x00,0x00,0x00,0x00,0x00,0x00,0x00,0x00,0x00,0x00,0x00,0x00,0x00,0x00,0x00,0x49,0x12,0x15,
    0x49,0x12,0xa0,0x49,0x12,0xff,0x49,0x12,0xff,0x49,0x12,0xff,0x49,0x12,0xff,0x49,0x12,0xff,0x49,0x12,0xff,0x49,0x12,0xff,
    0x49,0x12,0xaa,0x00,0x00,0x00,0x00,0x00,0x00,0x00,0x00,0x00,0x00,0x00,0x00,0x00,0x00,0x00,0x00,0x00,0x00,0x00,0x00,0x00,
    0x00,0x00,0x00,0x00,0x00,0x00,0x00,0x00,0x00,0x00,0x00,0x00,0x00,0x00,0x00,0x00,0x00,0x00,0x00,0x00,0x00,0x00,0x00,0x00,
    0x00,0x00,0x00,0x00,0x00,0x00,0x00,0x00,0x00,0x49,0x12,0x55,0x49,0x12,0xff,0x49,0x12,0xff,0x49,0x12,0xff,0x49,0x12,0xff,
    0x49,0x12,0xff,0x49,0x12,0xff,0x49,0x12,0xff,0x49,0x12,0xff,0x49,0x12,0x6a,0x00,0x00,0x00,0x00,0x00,0x00,0x00,0x00,0x00,
    0x00,0x00,0x00,0x00,0x00,0x00,0x00,0x00,0x00,0x00,0x00,0x00,0x00,0x00,0x00,0x00,0x00,0x00,0x43,0xfd,0x04,0x43,0xfd,0x44,
    0x43,0xfd,0xd2,0x43,0xfd,0xff,0x43,0xfd,0xff,0x43,0xfd,0xff,0x43,0xfd,0xff,0x43,0xfd,0xff,0x43,0xfd,0xff,0x43,0xfd,0xe7,
    0x43,0xfd,0xa0,0x43,0xfd,0x28,0x00,0x00,0x00,0x00,0x00,0x00,0x00,0x00,0x00,0x00,0x00,0x00,0x00,0x00,0x00,0x00,0x00,0x00,
    0x00,0x00,0x00,0x00,0x00,0x00,0x00,0x00,0x00,0x00,0x00,0x00,0x00,0x00,0x00,0x00,0x00,0x00,0x00,0x00,0x00,0x00,0x00,0x00,
    0x00,0x00,0x00,0x00,0x00,0x00,0x00,0x00,0x00,0x00,0x00,0x00,0x49,0x12,0xc0,0x49,0x12,0xff,0x49,0x12,0xff,0x49,0x12,0xff,
    0x49,0x12,0xff,0x49,0x12,0xff,0x49,0x12,0xff,0x49,0x12,0xff,0x49,0x12,0xe0,0x49,0x12,0x40,0x00,0x00,0x00,0x00,0x00,0x00,
    0x00,0x00,0x00,0x00,0x00,0x00,0x00,0x00,0x00,0x00,0x00,0x00,0x00,0x00,0x00,0x00,0x00,0x00,0x00,0x00,0x00,0x00,0x00,0x00,
    0x00,0x00,0x00,0x00,0x00,0x00,0x00,0x00,0x00,0x00,0x00,0x00,0x00,0x00,0x00,0x00,0x00,0x00,0x49,0x12,0x60,0x49,0x12,0xea,
    0x49,0x12,0xff,0x49,0x12,0xff,0x49,0x12,0xff,0x49,0x12,0xff,0x49,0x12,0xff,0x49,0x12,0xff,0x49,0x12,0xc0,0x49,0x12,0x40,
    0x00,0x00,0x00,0x00,0x00,0x00,0x00,0x00,0x00,0x00,0x00,0x00,0x00,0x00,0x00,0x00,0x00,0x00,0x00,0x00,0x00,0x00,0x00,0x00,
    0x00,0x00,0x00,0x00,0x00,0x00,0x00,0x00,0x00,0x49,0x12,0x14,0x49,0x12,0xb7,0x49,0x12,0xff,0x49,0x12,0xff,0x49,0x12,0xff,
    0x49,0x12,0xff,0x49,0x12,0xff,0x49,0x12,0xff,0x49,0x12,0xff,0x49,0x12,0xe7,0x49,0x12,0x6c,0x49,0x12,0x03,0x00,0x00,0x00,
    0x00,0x00,0x00,0x00,0x00,0x00,0x00,0x00,0x00,0x00,0x00,0x00,0x00,0x00,0x00,0x00,0x00,0x00,0x00,0x00,0x00,0x00,0x00,0x00,
    0x00,0x00,0x00,0x00,0x00,0x00,0x00,0x00,0x00,0x00,0x00,0x00,0x00,0x00,0x00,0x00,0x00,0x00,0x00,0x00,0x00,0x00,0x00,0x00,
    0x00,0x00,0x00,0x00,0x00,0x00,0x00,0x00,0x00,0x00,0x00,0x00,0x00,0x00,0x00,0x00,0x00,0x00,0x00,0x00,0x00,0x00,0x00,0x00,
    0x00,0x00,0x00,0x49,0x12,0xaa,0x49,0x12,0xff,0x49,0x12,0xff,0x49,0x12,0xff,0x49,0x12,0xff,0x49,0x12,0xff,0x49,0x12,0xff,
    0x49,0x12,0xff,0x49,0x12,0xc0,0x49,0x12,0x2b,0x00,0x00,0x00,0x00,0x00,0x00,0x49,0x12,0x08,0x49,0x12,0x48,0x49,0x12,0xb0,
    0x49,0x12,0xf7,0x49,0x12,0xff,0x49,0x12,0xff,0x49,0x12,0xff,0x49,0x12,0xff,0x49,0x12,0xff,0x49,0x12,0xff,0x49,0x12,0xff,
    0x49,0x12,0xff,0x49,0x12,0xff,0x49,0x12,0xe5,0x49,0x12,0x70,0x49,0x12,0x18,0x00,0x00,0x00,0x00,0x00,0x00,0x00,0x00,0x00,
    0x00,0x00,0x00,0x00,0x00,0x00,0x00,0x00,0x00,0x00,0x00,0x00,0x00,0x00,0x00,0x49,0x12,0x04,0x49,0x12,0x95,0x49,0x12,0xff,
    0x49,0x12,0xff,0x49,0x12,0xff,0x49,0x12,0xff,0x49,0x12,0xff,0x49,0x12,0xff,0x49,0x12,0xff,0x49,0x12,0xff,0x49,0x12,0x92,
    0x00,0x00,0x00,0x00,0x00,0x00,0x49,0x12,0x85,0x49,0x12,0xff,0x49,0x12,0xff,0x49,0x12,0xff,0x49,0x12,0xff,0x49,0x12,0xff,
    0x49,0x12,0xff,0x49,0x12,0xff,0x49,0x12,0xf7,0x49,0x12,0x60,0x00,0x00,0x00,0x00,0x00,0x00,0x00,0x00,0x00,0x49,0x12,0x58,
    0x49,0x12,0xd8,0x49,0x12,0xff,0x49,0x12,0xff,0x49,0x12,0xff,0x49,0x12,0xff,0x49,0x12,0xff,0x49,0x12,0xff,0x49,0x12,0xff,
    0x49,0x12,0xa4,0x49,0x12,0x24,0x00,0x00,0x00,0x00,0x00,0x00,0x00,0x00,0x00,0x00,0x00,0x00,0x00,0x00,0x00,0x00,0x00,0x00,
    0x00,0x00,0x00,0x00,0x00,0x00,0x00,0x00,0x00,0x00,0x00,0x00,0x00,0x00,0x00,0x00,0x00,0x00,0x00,0x00,0x00,0x00,0x00,0x00,
    0x00,0x00,0x00,0x00,0x00,0x00,0x00,0x00,0x00,0x00,0x00,0x00,0x00,0x00,0x00,0x00,0x00,0x00,0x00,0x00,0x00,0x00,0x00,0x00,
    0x00,0x00,0x00,0x00,0x00,0x00,0x00,0x00,0x00,0x49,0x12,0x15,0x49,0x12,0xa0,0x49,0x12,0xff,0x49,0x12,0xff,0x49,0x12,0xff,
    0x49,0x12,0xff,0x49,0x12,0xff,0x49,0x12,0xff,0x49,0x12,0xff,0x49,0x12,0xaa,0x00,0x00,0x00,0x00,0x00,0x00,0x00,0x00,0x00,
    0x00,0x00,0x00,0x00,0x00,0x00,0x00,0x00,0x00,0x00,0x00,0x00,0x00,0x00,0x00,0x00,0x00,0x00,0x00,0x00,0x00,0x00,0x00,0x00,
    0x00,0x00,0x00,0x00,0x00,0x00,0x00,0x00,0x00,0x00,0x00,0x00,0x00,0x00,0x00,0x00,0x00,0x00,0x00,0x00,0x00,0x49,0x12,0x55,
    0x49,0x12,0xff,0x49,0x12,0xff,0x49,0x12,0xff,0x49,0x12,0xff,0x49,0x12,0xff,0x49,0x12,0xff,0x49,0x12,0xff,0x49,0x12,0xff,
    0x49,0x12,0x6a,0x00,0x00,0x00,0x00,0x00,0x00,0x00,0x00,0x00,0x00,0x00,0x00,0x00,0x00,0x00,0x00,0x00,0x00,0x00,0x00,0x00,
    0x00,0x00,0x00,0x00,0x00,0x00,0x43,0xfd,0x30,0x43,0xfd,0xa4,0x43,0xfd,0xf7,0x43,0xfd,0xff,0x43,0xfd,0xff,0x43,0xfd,0xff,
    0x43,0xfd,0xff,0x43,0xfd,0xff,0x43,0xfd,0xed,0x43,0xfd,0x8c,0x43,0xfd,0x2c,0x43,0xfd,0x03,0x00,0x00,0x00,0x00,0x00,0x00,
    0x00,0x00,0x00,0x00,0x00,0x00,0x00,0x00,0x00,0x00,0x00,0x00,0x00,0x00,0x00,0x00,0x00,0x00,0x00,0x00,0x00,0x00,0x00,0x00,
    0x00,0x00,0x00,0x00,0x00,0x00,0x00,0x00,0x00,0x00,0x00,0x00,0x00,0x00,0x00,0x00,0x00,0x00,0x00,0x00,0x00,0x00,0x00,0x00,
    0x49,0x12,0xc0,0x49,0x12,0xff,0x49,0x12,0xff,0x49,0x12,0xff,0x49,0x12,0xff,0x49,0x12,0xff,0x49,0x12,0xff,0x49,0x12,0xff,
    0x49,0x12,0xe0,0x49,0x12,0x40,0x00,0x00,0x00,0x00,0x00,0x00,0x00,0x00,0x00,0x00,0x00,0x00,0x00,0x00,0x00,0x00,0x00,0x00,
    0x00,0x00,0x00,0x00,0x00,0x00,0x00,0x00,0x00,0x00,0x00,0x00,0x00,0x00,0x00,0x00,0x00,0x00,0x00,0x00,0x00,0x00,0x00,0x00,
    0x00,0x00,0x00,0x00,0x00,0x00,0x49,0x12,0x60,0x49,0x12,0xea,0x49,0x12,0xff,0x49,0x12,0xff,0x49,0x12,0xff,0x49,0x12,0xff,
    0x49,0x12,0xff,0x49,0x12,0xff,0x49,0x12,0xc0,0x49,0x12,0x40,0x00,0x00,0x00,0x00,0x00,0x00,0x00,0x00,0x00,0x00,0x00,0x00,
    0x00,0x00,0x00,0x00,0x00,0x00,0x00,0x00,0x00,0x00,0x00,0x00,0x00,0x00,0x00,0x00,0x00,0x00,0x00,0x00,0x00,0x00,0x00,0x00,
    0x49,0x12,0x8e,0x49,0x12,0xff,0x49,0x12,0xff,0x49,0x12,0xff,0x49,0x12,0xff,0x49,0x12,0xff,0x49,0x12,0xff,0x49,0x12,0xff,
    0x49,0x12,0xff,0x49,0x12,0xca,0x49,0x12,0x3c,0x00,0x00,0x00,0x00,0x00,0x00,0x00,0x00,0x00,0x00,0x00,0x00,0x00,0x00,0x00,
    0x00,0x00,0x00,0x00,0x00,0x00,0x00,0x00,0x00,0x00,0x00,0x00,0x00,0x00,0x00,0x00,0x00,0x00,0x00,0x00,0x00,0x00,0x00,0x00,
    0x00,0x00,0x00,0x00,0x00,0x00,0x00,0x00,0x00,0x00,0x00,0x00,0x00,0x00,0x00,0x00,0x00,0x00,0x00,0x00,0x00,0x00,0x00,0x00,
    0x00,0x00,0x00,0x00,0x00,0x00,0x00,0x00,0x00,0x00,0x00,0x00,0x00,0x00,0x00,0x49,0x12,0xaa,0x49,0x12,0xff,0x49,0x12,0xff,
    0x49,0x12,0xff,0x49,0x12,0xff,0x49,0x12,0xff,0x49,0x12,0xff,0x49,0x12,0xff,0x49,0x12,0xc0,0x49,0x12,0x2b,0x00,0x00,0x00,
    0x00,0x00,0x00,0x00,0x00,0x00,0x49,0x12,0x03,0x49,0x12,0x28,0x49,0x12,0x91,0x49,0x12,0xef,0x49,0x12,0xff,0x49,0x12,0xff,
    0x49,0x12,0xff,0x49,0x12,0xff,0x49,0x12,0xff,0x49,0x12,0xff,0x49,0x12,0xff,0x49,0x12,0xff,0x49,0x12,0xff,0x49,0x12,0xe5,
    0x49,0x12,0xa0,0x49,0x12,0x32,0x00,0x00,0x00,0x00,0x00,0x00,0x00,0x00,0x00,0x00,0x00,0x00,0x00,0x00,0x00,0x00,0x00,0x00,
    0x00,0x00,0x00,0x00,0x00,0x00,0x49,0x12,0x55,0x49,0x12,0xe7,0x49,0x12,0xff,0x49,0x12,0xff,0x49,0x12,0xff,0x49,0x12,0xff,
    0x49,0x12,0xff,0x49,0x12,0xff,0x49,0x12,0xff,0x49,0x12,0xcc,0x49,0x12,0x35,0x49,0x12,0x25,0x49,0x12,0xbc,0x49,0x12,0xff,
    0x49,0x12,0xff,0x49,0x12,0xff,0x49,0x12,0xff,0x49,0x12,0xff,0x49,0x12,0xff,0x49,0x12,0xfa,0x49,0x12,0xb0,0x49,0x12,0x24,
    0x00,0x00,0x00,0x00,0x00,0x00,0x00,0x00,0x00,0x49,0x12,0x20,0x49,0x12,0x9a,0x49,0x12,0xfc,0x49,0x12,0xff,0x49,0x12,0xff,
    0x49,0x12,0xff,0x49,0x12,0xff,0x49,0x12,0xff,0x49,0x12,0xff,0x49,0x12,0xe7,0x49,0x12,0x90,0x49,0x12,0x2b,0x49,0x12,0x02,
    0x00,0x00,0x00,0x00,0x00,0x00,0x00,0x00,0x00,0x00,0x00,0x00,0x00,0x00,0x00,0x00,0x00,0x00,0x00,0x00,0x00,0x00,0x00,0x00,
    0x00,0x00,0x00,0x00,0x00,0x00,0x00,0x00,0x00,0x00,0x00,0x00,0x00,0x00,0x00,0x00,0x00,0x00,0x00,0x00,0x00,0x00,0x00,0x00,
    0x00,0x00,0x00,0x00,0x00,0x00,0x00,0x00,0x00,0x00,0x00,0x00,0x00,0x00,0x00,0x00,0x00,0x00,0x00,0x00,0x00,0x49,0x12,0x15,
    0x49,0x12,0xa0,0x49,0x12,0xff,0x49,0x12,0xff,0x49,0x12,0xff,0x49,0x12,0xff,0x49,0x12,0xff,0x49,0x12,0xff,0x49,0x12,0xff,
    0x49,0x12,0xaa,0x00,0x00,0x00,0x00,0x00,0x00,0x00,0x00,0x00,0x00,0x00,0x00,0x00,0x00,0x00,0x00,0x00,0x00,0x00,0x00,0x00,
    0x00,0x00,0x00,0x00,0x00,0x00,0x00,0x00,0x00,0x00,0x00,0x00,0x00,0x00,0x00,0x00,0x00,0x00,0x00,0x00,0x00,0x00,0x00,0x00,
    0x00,0x00,0x00,0x00,0x00,0x00,0x00,0x00,0x00,0x49,0x12,0x55,0x49,0x12,0xff,0x49,0x12,0xff,0x49,0x12,0xff,0x49,0x12,0xff,
    0x49,0x12,0xff,0x49,0x12,0xff,0x49,0x12,0xff,0x49,0x12,0xff,0x49,0x12,0x6a,0x00,0x00,0x00,0x00,0x00,0x00,0x00,0x00,0x00,
    0x00,0x00,0x00,0x00,0x00,0x00,0x00,0x00,0x00,0x00,0x00,0x00,0x00,0x00,0x00,0x43,0xfd,0x2e,0x43,0xfd,0xb0,0x43,0xfd,0xf2,
    0x43,0xfd,0xff,0x43,0xfd,0xff,0x43,0xfd,0xff,0x43,0xfd,0xff,0x43,0xfd,0xfd,0x43,0xfd,0xda,0x43,0xfd,0x75,0x43,0xfd,0x18,
    0x00,0x00,0x00,0x00,0x00,0x00,0x00,0x00,0x00,0x00,0x00,0x00,0x00,0x00,0x00,0x00,0x00,0x00,0x00,0x00,0x00,0x00,0x00,0x00,
    0x00,0x00,0x00,0x00,0x00,0x00,0x00,0x00,0x00,0x00,0x00,0x00,0x00,0x00,0x00,0x00,0x00,0x00,0x00,0x00,0x00,0x00,0x00,0x00,
    0x00,0x00,0x00,0x00,0x00,0x00,0x00,0x00,0x00,0x00,0x00,0x00,0x49,0x12,0xc0,0x49,0x12,0xff,0x49,0x12,0xff,0x49,0x12,0xff,
    0x49,0x12,0xff,0x49,0x12,0xff,0x49,0x12,0xff,0x49,0x12,0xff,0x49,0x12,0xe0,0x49,0x12,0x40,0x00,0x00,0x00,0x00,0x00,0x00,
    0x00,0x00,0x00,0x00,0x00,0x00,0x00,0x00,0x00,0x00,0x00,0x00,0x00,0x00,0x00,0x00,0x00,0x00,0x00,0x00,0x00,0x00,0x00,0x00,
    0x00,0x00,0x00,0x00,0x00,0x00,0x00,0x00,0x00,0x00,0x00,0x00,0x00,0x00,0x00,0x00,0x00,0x00,0x49,0x12,0x60,0x49,0x12,0xea,
    0x49,0x12,0xff,0x49,0x12,0xff,0x49,0x12,0xff,0x49,0x12,0xff,0x49,0x12,0xff,0x49,0x12,0xff,0x49,0x12,0xc0,0x49,0x12,0x40,
    0x00,0x00,0x00,0x00,0x00,0x00,0x00,0x00,0x00,0x00,0x00,0x00,0x00,0x00,0x00,0x00,0x00,0x00,0x00,0x00,0x00,0x00,0x00,0x00,
    0x00,0x00,0x00,0x00,0x00,0x00,0x00,0x00,0x00,0x00,0x00,0x00,0x49,0x12,0x5d,0x49,0x12,0xf7,0x49,0x12,0xff,0x49,0x12,0xff,
    0x49,0x12,0xff,0x49,0x12,0xff,0x49,0x12,0xff,0x49,0x12,0xff,0x49,0x12,0xff,0x49,0x12,0xff,0x49,0x12,0xa0,0x49,0x12,0x18,
    0x00,0x00,0x00,0x00,0x00,0x00,0x00,0x00,0x00,0x00,0x00,0x00,0x00,0x00,0x00,0x00,0x00,0x00,0x00,0x00,0x00,0x00,0x00,0x00,
    0x00,0x00,0x00,0x00,0x00,0x00,0x00,0x00,0x00,0x00,0x00,0x00,0x00,0x00,0x00,0x00,0x00,0x00,0x00,0x00,0x00,0x00,0x00,0x00,
    0x00,0x00,0x00,0x00,0x00,0x00,0x00,0x00,0x00,0x00,0x00,0x00,0x00,0x00,0x00,0x00,0x00,0x00,0x00,0x00,0x00,0x00,0x00,0x00,
    0x00,0x00,0x00,0x49,0x12,0xaa,0x49,0x12,0xff,0x49,0x12,0xff,0x49,0x12,0xff,0x49,0x12,0xff,0x49,0x12,0xff,0x49,0x12,0xff,
    0x49,0x12,0xff,0x49,0x12,0xc0,0x49,0x12,0x2b,0x00,0x00,0x00,0x00,0x00,0x00,0x00,0x00,0x00,0x00,0x00,0x00,0x00,0x00,0x00,
    0x49,0x12,0x1b,0x49,0x12,0x84,0x49,0x12,0xdb,0x49,0x12,0xff,0x49,0x12,0xff,0x49,0x12,0xff,0x49,0x12,0xff,0x49,0x12,0xff,
    0x49,0x12,0xff,0x49,0x12,0xff,0x49,0x12,0xff,0x49,0x12,0xff,0x49,0x12,0xff,0x49,0x12,0xa0,0x49,0x12,0x18,0x00,0x00,0x00,
    0x00,0x00,0x00,0x00,0x00,0x00,0x00,0x00,0x00,0x00,0x00,0x00,0x00,0x00,0x00,0x00,0x00,0x00,0x49,0x12,0x18,0x49,0x12,0xa0,
    0x49,0x12,0xfb,0x49,0x12,0xff,0x49,0x12,0xff,0x49,0x12,0xff,0x49,0x12,0xff,0x49,0x12,0xff,0x49,0x12,0xff,0x49,0x12,0xfa,
    0x49,0x12,0x9c,0x49,0x12,0x8c,0x49,0x12,0xef,0x49,0x12,0xff,0x49,0x12,0xff,0x49,0x12,0xff,0x49,0x12,0xff,0x49,0x12,0xff,
    0x49,0x12,0xff,0x49,0x12,0xd0,0x49,0x12,0x50,0x00,0x00,0x00,0x00,0x00,0x00,0x00,0x00,0x00,0x00,0x00,0x00,0x00,0x00,0x00,
    0x49,0x12,0x50,0x49,0x12,0xdf,0x49,0x12,0xff,0x49,0x12,0xff,0x49,0x12,0xff,0x49,0x12,0xff,0x49,0x12,0xff,0x49,0x12,0xff,
    0x49,0x12,0xff,0x49,0x12,0xf3,0x49,0x12,0xac,0x49,0x12,0x28,0x00,0x00,0x00,0x00,0x00,0x00,0x00,0x00,0x00,0x00,0x00,0x00,
    0x00,0x00,0x00,0x00,0x00,0x00,0x00,0x00,0x00,0x00,0x00,0x00,0x00,0x00,0x00,0x00,0x00,0x00,0x00,0x00,0x00,0x00,0x00,0x00,
    0x00,0x00,0x00,0x00,0x00,0x00,0x00,0x00,0x00,0x00,0x00,0x00,0x00,0x00,0x00,0x00,0x00,0x00,0x00,0x00,0x00,0x00,0x00,0x00,
    0x00,0x00,0x00,0x00,0x00,0x00,0x00,0x00,0x00,0x49,0x12,0x15,0x49,0x12,0xa0,0x49,0x12,0xff,0x49,0x12,0xff,0x49,0x12,0xff,
    0x49,0x12,0xff,0x49,0x12,0xff,0x49,0x12,0xff,0x49,0x12,0xff,0x49,0x12,0xaa,0x00,0x00,0x00,0x00,0x00,0x00,0x00,0x00,0x00,
    0x00,0x00,0x00,0x00,0x00,0x00,0x00,0x00,0x00,0x00,0x00,0x00,0x00,0x00,0x00,0x00,0x00,0x00,0x00,0x00,0x00,0x00,0x00,0x00,
    0x00,0x00,0x00,0x00,0x00,0x00,0x00,0x00,0x00,0x00,0x00,0x00,0x00,0x00,0x00,0x00,0x00,0x00,0x00,0x00,0x00,0x49,0x12,0x55,
    0x49,0x12,0xff,0x49,0x12,0xff,0x49,0x12,0xff,0x49,0x12,0xff,0x49,0x12,0xff,0x49,0x12,0xff,0x49,0x12,0xff,0x49,0x12,0xff,
    0x49,0x12,0x6a,0x00,0x00,0x00,0x00,0x00,0x00,0x00,0x00,0x00,0x00,0x00,0x00,0x00,0x00,0x00,0x00,0x00,0x00,0x00,0x00,0x00,
    0x43,0xfd,0x04,0x43,0xfd,0x85,0x43,0xfd,0xff,0x43,0xfd,0xff,0x43,0xfd,0xff,0x43,0xfd,0xff,0x43,0xfd,0xff,0x43,0xfd,0xf7,
    0x43,0xfd,0xbc,0x43,0xfd,0x54,0x43,0xfd,0x08,0x00,0x00,0x00,0x00,0x00,0x00,0x00,0x00,0x00,0x00,0x00,0x00,0x00,0x00,0x00,
    0x00,0x00,0x00,0x00,0x00,0x00,0x00,0x00,0x00,0x00,0x00,0x00,0x00,0x00,0x00,0x00,0x00,0x00,0x00,0x00,0x00,0x00,0x00,0x00,
    0x00,0x00,0x00,0x00,0x00,0x00,0x00,0x00,0x00,0x00,0x00,0x00,0x00,0x00,0x00,0x00,0x00,0x00,0x00,0x00,0x00,0x00,0x00,0x00,
    0x49,0x12,0xc0,0x49,0x12,0xff,0x49,0x12,0xff,0x49,0x12,0xff,0x49,0x12,0xff,0x49,0x12,0xff,0x49,0x12,0xff,0x49,0x12,0xff,
    0x49,0x12,0xe0,0x49,0x12,0x40,0x00,0x00,0x00,0x00,0x00,0x00,0x00,0x00,0x00,0x00,0x00,0x00,0x00,0x00,0x00,0x00,0x00,0x00,
    0x00,0x00,0x00,0x00,0x00,0x00,0x00,0x00,0x00,0x00,0x00,0x00,0x00,0x00,0x00,0x00,0x00,0x00,0x00,0x00,0x00,0x00,0x00,0x00,
    0x00,0x00,0x00,0x00,0x00,0x00,0x49,0x12,0x60,0x49,0x12,0xea,0x49,0x12,0xff,0x49,0x12,0xff,0x49,0x12,0xff,0x49,0x12,0xff,
    0x49,0x12,0xff,0x49,0x12,0xff,0x49,0x12,0xc0,0x49,0x12,0x40,0x00,0x00,0x00,0x00,0x00,0x00,0x00,0x00,0x00,0x00,0x00,0x00,
    0x00,0x00,0x00,0x00,0x00,0x00,0x00,0x00,0x00,0x00,0x00,0x00,0x00,0x00,0x00,0x00,0x00,0x00,0x00,0x00,0x00,0x00,0x00,0x00,
    0x49,0x12,0x35,0x49,0x12,0xd0,0x49,0x12,0xff,0x49,0x12,0xff,0x49,0x12,0xff,0x49,0x12,0xff,0x49,0x12,0xff,0x49,0x12,0xff,
    0x49,0x12,0xff,0x49,0x12,0xff,0x49,0x12,0xe5,0x49,0x12,0x78,0x49,0x12,0x20,0x00,0x00,0x00,0x00,0x00,0x00,0x00,0x00,0x00,
    0x00,0x00,0x00,0x00,0x00,0x00,0x00,0x00,0x00,0x00,0x00,0x00,0x00,0x00,0x00,0x00,0x00,0x00,0x00,0x00,0x00,0x00,0x00,0x00,
    0x00,0x00,0x00,0x00,0x00,0x00,0x00,0x00,0x00,0x00,0x00,0x00,0x00,0x00,0x00,0x49,0x12,0x04,0x49,0x12,0x14,0x49,0x12,0x0b,
    0x00,0x00,0x00,0x00,0x00,0x00,0x00,0x00,0x00,0x00,0x00,0x00,0x00,0x00,0x00,0x49,0x12,0xaa,0x49,0x12,0xff,0x49,0x12,0xff,
    0x49,0x12,0xff,0x49,0x12,0xff,0x49,0x12,0xff,0x49,0x12,0xff,0x49,0x12,0xff,0x49,0x12,0xc0,0x49,0x12,0x2b,0x00,0x00,0x00,
    0x00,0x00,0x00,0x00,0x00,0x00,0x00,0x00,0x00,0x00,0x00,0x00,0x00,0x00,0x00,0x49,0x12,0x1c,0x49,0x12,0x74,0x49,0x12,0xd7,
    0x49,0x12,0xff,0x49,0x12,0xff,0x49,0x12,0xff,0x49,0x12,0xff,0x49,0x12,0xff,0x49,0x12,0xff,0x49,0x12,0xff,0x49,0x12,0xff,
    0x49,0x12,0xff,0x49,0x12,0xe5,0x49,0x12,0x70,0x49,0x12,0x18,0x00,0x00,0x00,0x00,0x00,0x00,0x00,0x00,0x00,0x00,0x00,0x00,
    0x00,0x00,0x00,0x00,0x00,0x00,0x49,0x12,0x03,0x49,0x12,0x60,0x49,0x12,0xdc,0x49,0x12,0xff,0x49,0x12,0xff,0x49,0x12,0xff,
    0x49,0x12,0xff,0x49,0x12,0xff,0x49,0x12,0xff,0x49,0x12,0xff,0x49,0x12,0xe3,0x49,0x12,0xe3,0x49,0x12,0xff,0x49,0x12,0xff,
    0x49,0x12,0xff,0x49,0x12,0xff,0x49,0x12,0xff,0x49,0x12,0xff,0x49,0x12,0xfa,0x49,0x12,0x90,0x49,0x12,0x18,0x00,0x00,0x00,
    0x00,0x00,0x00,0x00,0x00,0x00,0x00,0x00,0x00,0x00,0x00,0x00,0x49,0x12,0x18,0x49,0x12,0xb5,0x49,0x12,0xff,0x49,0x12,0xff,
    0x49,0x12,0xff,0x49,0x12,0xff,0x49,0x12,0xff,0x49,0x12,0xff,0x49,0x12,0xff,0x49,0x12,0xff,0x49,0x12,0xf3,0x49,0x12,0x78,
    0x49,0x12,0x08,0x00,0x00,0x00,0x00,0x00,0x00,0x00,0x00,0x00,0x00,0x00,0x00,0x00,0x00,0x00,0x00,0x00,0x00,0x00,0x00,0x00,
    0x00,0x00,0x00,0x00,0x00,0x00,0x00,0x00,0x00,0x00,0x00,0x00,0x00,0x00,0x00,0x00,0x00,0x00,0x00,0x00,0x00,0x00,0x00,0x00,
    0x00,0x00,0x00,0x00,0x00,0x00,0x00,0x00,0x00,0x00,0x00,0x00,0x00,0x00,0x00,0x00,0x00,0x00,0x00,0x00,0x00,0x49,0x12,0x15,
    0x49,0x12,0xa0,0x49,0x12,0xff,0x49,0x12,0xff,0x49,0x12,0xff,0x49,0x12,0xff,0x49,0x12,0xff,0x49,0x12,0xff,0x49,0x12,0xff,
    0x49,0x12,0xaa,0x00,0x00,0x00,0x00,0x00,0x00,0x00,0x00,0x00,0x00,0x00,0x00,0x00,0x00,0x00,0x00,0x00,0x00,0x00,0x00,0x00,
    0x00,0x00,0x00,0x00,0x00,0x00,0x00,0x00,0x00,0x00,0x00,0x00,0x00,0x00,0x00,0x00,0x00,0x00,0x00,0x00,0x00,0x00,0x00,0x00,
    0x00,0x00,0x00,0x00,0x00,0x00,0x00,0x00,0x00,0x49,0x12,0x55,0x49,0x12,0xff,0x49,0x12,0xff,0x49,0x12,0xff,0x49,0x12,0xff,
    0x49,0x12,0xff,0x49,0x12,0xff,0x49,0x12,0xff,0x49,0x12,0xff,0x49,0x12,0x6a,0x00,0x00,0x00,0x00,0x00,0x00,0x00,0x00,0x00,
    0x00,0x00,0x00,0x00,0x00,0x00,0x00,0x00,0x00,0x00,0x00,0x00,0x43,0xfd,0x30,0x43,0xfd,0xc5,0x43,0xfd,0xff,0x43,0xfd,0xff,
    0x43,0xfd,0xff,0x43,0xfd,0xff,0x43,0xfd,0xff,0x43,0xfd,0xc8,0x43,0xfd,0x44,0x43,0xfd,0x0c,0x00,0x00,0x00,0x00,0x00,0x00,
    0x00,0x00,0x00,0x00,0x00,0x00,0x00,0x00,0x00,0x00,0x00,0x00,0x00,0x00,0x00,0x00,0x00,0x00,0x00,0x00,0x00,0x00,0x00,0x00,
    0x00,0x00,0x00,0x00,0x00,0x00,0x00,0x00,0x00,0x00,0x00,0x00,0x00,0x00,0x00,0x00,0x00,0x00,0x00,0x00,0x00,0x00,0x00,0x00,
    0x00,0x00,0x00,0x00,0x00,0x00,0x00,0x00,0x00,0x00,0x00,0x00,0x49,0x12,0xc0,0x49,0x12,0xff,0x49,0x12,0xff,0x49,0x12,0xff,
    0x49,0x12,0xff,0x49,0x12,0xff,0x49,0x12,0xff,0x49,0x12,0xff,0x49,0x12,0xe0,0x49,0x12,0x40,0x00,0x00,0x00,0x00,0x00,0x00,
    0x00,0x00,0x00,0x00,0x00,0x00,0x00,0x00,0x00,0x00,0x00,0x00,0x00,0x00,0x00,0x00,0x00,0x00,0x00,0x00,0x00,0x00,0x00,0x00,
    0x00,0x00,0x00,0x00,0x00,0x00,0x00,0x00,0x00,0x00,0x00,0x00,0x00,0x00,0x00,0x00,0x00,0x00,0x49,0x12,0x60,0x49,0x12,0xea,
    0x49,0x12,0xff,0x49,0x12,0xff,0x49,0x12,0xff,0x49,0x12,0xff,0x49,0x12,0xff,0x49,0x12,0xff,0x49,0x12,0xc0,0x49,0x12,0x40,
    0x00,0x00,0x00,0x00,0x00,0x00,0x00,0x00,0x00,0x00,0x00,0x00,0x00,0x00,0x00,0x00,0x00,0x00,0x00,0x00,0x00,0x00,0x00,0x00,
    0x00,0x00,0x00,0x00,0x00,0x00,0x00,0x00,0x00,0x00,0x00,0x00,0x49,0x12,0x0b,0x49,0x12,0x68,0x49,0x12,0xd7,0x49,0x12,0xff,
    0x49,0x12,0xff,0x49,0x12,0xff,0x49,0x12,0xff,0x49,0x12,0xff,0x49,0x12,0xff,0x49,0x12,0xff,0x49,0x12,0xff,0x49,0x12,0xea,
    0x49,0x12,0xb5,0x49,0x12,0x6a,0x49,0x12,0x2d,0x49,0x12,0x0d,0x00,0x00,0x00,0x00,0x00,0x00,0x00,0x00,0x00,0x00,0x00,0x00,
    0x00,0x00,0x00,0x00,0x00,0x00,0x00,0x00,0x00,0x00,0x00,0x00,0x00,0x00,0x00,0x49,0x12,0x02,0x49,0x12,0x13,0x49,0x12,0x2d,
    0x49,0x12,0x34,0x49,0x12,0x13,0x49,0x12,0x2d,0x49,0x12,0x22,0x00,0x00,0x00,0x00,0x00,0x00,0x00,0x00,0x00,0x00,0x00,0x00,
    0x00,0x00,0x00,0x49,0x12,0xaa,0x49,0x12,0xff,0x49,0x12,0xff,0x49,0x12,0xff,0x49,0x12,0xff,0x49,0x12,0xff,0x49,0x12,0xff,
    0x49,0x12,0xff,0x49,0x12,0xc0,0x49,0x12,0x2b,0x00,0x00,0x00,0x00,0x00,0x00,0x00,0x00,0x00,0x00,0x00,0x00,0x00,0x00,0x00,
    0x00,0x00,0x00,0x00,0x00,0x00,0x49,0x12,0x10,0x49,0x12,0x4b,0x49,0x12,0xda,0x49,0x12,0xfd,0x49,0x12,0xff,0x49,0x12,0xff,
    0x49,0x12,0xff,0x49,0x12,0xff,0x49,0x12,0xff,0x49,0x12,0xff,0x49,0x12,0xff,0x49,0x12,0xff,0x49,0x12,0xe5,0x49,0x12,0x9a,
    0x49,0x12,0x29,0x00,0x00,0x00,0x00,0x00,0x00,0x00,0x00,0x00,0x00,0x00,0x00,0x00,0x00,0x00,0x00,0x00,0x00,0x49,0x12,0x15,
    0x49,0x12,0x75,0x49,0x12,0xea,0x49,0x12,0xff,0x49,0x12,0xff,0x49,0x12,0xff,0x49,0x12,0xff,0x49,0x12,0xff,0x49,0x12,0xff,
    0x49,0x12,0xff,0x49,0x12,0xff,0x49,0x12,0xff,0x49,0x12,0xff,0x49,0x12,0xff,0x49,0x12,0xff,0x49,0x12,0xff,0x49,0x12,0xff,
    0x49,0x12,0xca,0x49,0x12,0x35,0x00,0x00,0x00,0x00,0x00,0x00,0x00,0x00,0x00,0x00,0x00,0x00,0x00,0x00,0x00,0x00,0x00,0x00,
    0x00,0x00,0x00,0x49,0x12,0x72,0x49,0x12,0xf5,0x49,0x12,0xff,0x49,0x12,0xff,0x49,0x12,0xff,0x49,0x12,0xff,0x49,0x12,0xff,
    0x49,0x12,0xff,0x49,0x12,0xff,0x49,0x12,0xff,0x49,0x12,0xdf,0x49,0x12,0x98,0x49,0x12,0x65,0x49,0x12,0x2b,0x49,0x12,0x05,
    0x00,0x00,0x00,0x00,0x00,0x00,0x00,0x00,0x00,0x00,0x00,0x00,0x00,0x00,0x00,0x00,0x00,0x00,0x00,0x00,0x00,0x00,0x00,0x00,
    0x00,0x00,0x00,0x00,0x00,0x00,0x49,0x12,0x15,0x49,0x12,0x38,0x49,0x12,0x40,0x49,0x12,0x3c,0x49,0x12,0x20,0x49,0x12,0x05,
    0x00,0x00,0x00,0x00,0x00,0x00,0x00,0x00,0x00,0x49,0x12,0x15,0x49,0x12,0xa0,0x49,0x12,0xff,0x49,0x12,0xff,0x49,0x12,0xff,
    0x49,0x12,0xff,0x49,0x12,0xff,0x49,0x12,0xff,0x49,0x12,0xff,0x49,0x12,0xaa,0x00,0x00,0x00,0x00,0x00,0x00,0x00,0x00,0x00,
    0x00,0x00,0x00,0x00,0x00,0x00,0x00,0x00,0x00,0x00,0x00,0x00,0x00,0x00,0x00,0x00,0x00,0x00,0x00,0x00,0x00,0x00,0x00,0x00,
    0x00,0x00,0x00,0x00,0x00,0x00,0x00,0x00,0x00,0x00,0x00,0x00,0x00,0x00,0x00,0x00,0x00,0x00,0x00,0x00,0x00,0x49,0x12,0x55,
    0x49,0x12,0xff,0x49,0x12,0xff,0x49,0x12,0xff,0x49,0x12,0xff,0x49,0x12,0xff,0x49,0x12,0xff,0x49,0x12,0xff,0x49,0x12,0xff,
    0x49,0x12,0x6a,0x00,0x00,0x00,0x00,0x00,0x00,0x00,0x00,0x00,0x00,0x00,0x00,0x00,0x00,0x00,0x43,0xfd,0x05,0x43,0xfd,0x45,
    0x43,0xfd,0xb0,0x43,0xfd,0xf6,0x43,0xfd,0xff,0x43,0xfd,0xff,0x43,0xfd,0xff,0x04,0xe5,0xff,0x65,0xb4,0xf3,0x86,0x73,0xad,
    0x68,0x1a,0x6d,0x49,0x12,0x6a,0x49,0x12,0x6a,0x49,0x12,0x6a,0x49,0x12,0x6a,0x49,0x12,0x6a,0x49,0x12,0x6a,0x49,0x12,0x6a,
    0x49,0x12,0x6a,0x49,0x12,0x6a,0x49,0x12,0x6a,0x49,0x12,0x6a,0x49,0x12,0x6a,0x49,0x12,0x6a,0x49,0x12,0x6a,0x49,0x12,0x6a,
    0x49,0x12,0x6a,0x49,0x12,0x6a,0x49,0x12,0x65,0x49,0x12,0x33,0x49,0x12,0x02,0x00,0x00,0x00,0x00,0x00,0x00,0x00,0x00,0x00,
    0x49,0x12,0xc0,0x49,0x12,0xff,0x49,0x12,0xff,0x49,0x12,0xff,0x49,0x12,0xff,0x49,0x12,0xff,0x49,0x12,0xff,0x49,0x12,0xff,
    0x49,0x12,0xe0,0x49,0x12,0x40,0x00,0x00,0x00,0x00,0x00,0x00,0x00,0x00,0x00,0x00,0x00,0x00,0x00,0x00,0x00,0x00,0x00,0x00,
    0x00,0x00,0x00,0x00,0x00,0x00,0x00,0x00,0x00,0x00,0x00,0x00,0x00,0x00,0x00,0x00,0x00,0x00,0x00,0x00,0x00,0x00,0x00,0x00,
    0x00,0x00,0x00,0x00,0x00,0x00,0x49,0x12,0x60,0x49,0x12,0xea,0x49,0x12,0xff,0x49,0x12,0xff,0x49,0x12,0xff,0x49,0x12,0xff,
    0x49,0x12,0xff,0x49,0x12,0xff,0x49,0x12,0xc0,0x49,0x12,0x40,0x00,0x00,0x00,0x00,0x00,0x00,0x00,0x00,0x00,0x00,0x00,0x00,
    0x00,0x00,0x00,0x00,0x00,0x00,0x00,0x00,0x00,0x00,0x00,0x00,0x00,0x00,0x00,0x00,0x00,0x00,0x00,0x00,0x00,0x00,0x00,0x00,
    0x00,0x00,0x00,0x49,0x12,0x10,0x49,0x12,0x74,0x49,0x12,0xe3,0x49,0x12,0xff,0x49,0x12,0xff,0x49,0x12,0xff,0x49,0x12,0xff,
    0x49,0x12,0xff,0x49,0x12,0xff,0x49,0x12,0xff,0x49,0x12,0xff,0x49,0x12,0xff,0x49,0x12,0xf5,0x49,0x12,0xc4,0x49,0x12,0x90,
    0x49,0x12,0x5b,0x49,0x12,0x30,0x49,0x12,0x20,0x49,0x12,0x0b,0x00,0x00,0x00,0x00,0x00,0x00,0x49,0x12,0x13,0x49,0x12,0x28,
    0x49,0x12,0x3c,0x49,0x12,0x68,0x49,0x12,0x9c,0x49,0x12,0xc4,0x49,0x12,0xcd,0x49,0x12,0x80,0x49,0x12,0x2c,0x49,0x12,0x0b,
    0x00,0x00,0x00,0x00,0x00,0x00,0x00,0x00,0x00,0x00,0x00,0x00,0x00,0x00,0x00,0x49,0x12,0xaa,0x49,0x12,0xff,0x49,0x12,0xff,
    0x49,0x12,0xff,0x49,0x12,0xff,0x49,0x12,0xff,0x49,0x12,0xff,0x49,0x12,0xff,0x49,0x12,0xc0,0x49,0x12,0x2b,0x00,0x00,0x00,
    0x00,0x00,0x00,0x00,0x00,0x00,0x00,0x00,0x00,0x00,0x00,0x00,0x00,0x00,0x00,0x00,0x00,0x00,0x00,0x00,0x00,0x00,0x00,0x00,
    0x49,0x12,0x54,0x49,0x12,0xc4,0x49,0x12,0xfb,0x49,0x12,0xff,0x49,0x12,0xff,0x49,0x12,0xff,0x49,0x12,0xff,0x49,0x12,0xff,
    0x49,0x12,0xff,0x49,0x12,0xff,0x49,0x12,0xff,0x49,0x12,0xfb,0x49,0x12,0x8b,0x49,0x12,0x0c,0x00,0x00,0x00,0x00,0x00,0x00,
    0x00,0x00,0x00,0x00,0x00,0x00,0x00,0x00,0x00,0x00,0x00,0x00,0x49,0x12,0x18,0x49,0x12,0xb5,0x49,0x12,0xff,0x49,0x12,0xff,
    0x49,0x12,0xff,0x49,0x12,0xff,0x49,0x12,0xff,0x49,0x12,0xff,0x49,0x12,0xff,0x49,0x12,0xff,0x49,0x12,0xff,0x49,0x12,0xff,
    0x49,0x12,0xff,0x49,0x12,0xff,0x49,0x12,0xff,0x49,0x12,0xff,0x49,0x12,0x8a,0x00,0x00,0x00,0x00,0x00,0x00,0x00,0x00,0x00,
    0x00,0x00,0x00,0x00,0x00,0x00,0x00,0x00,0x00,0x00,0x00,0x00,0x00,0x00,0x00,0x49,0x12,0x25,0x49,0x12,0xb4,0x49,0x12,0xfb,
    0x49,0x12,0xff,0x49,0x12,0xff,0x49,0x12,0xff,0x49,0x12,0xff,0x49,0x12,0xff,0x49,0x12,0xff,0x49,0x12,0xff,0x49,0x12,0xff,
    0x49,0x12,0xff,0x49,0x12,0xf7,0x49,0x12,0xc0,0x49,0x12,0x7c,0x49,0x12,0x58,0x49,0x12,0x33,0x49,0x12,0x18,0x49,0x12,0x08,
    0x00,0x00,0x00,0x49,0x12,0x04,0x49,0x12,0x14,0x49,0x12,0x2d,0x49,0x12,0x4c,0x49,0x12,0x68,0x49,0x12,0x9d,0x49,0x12,0xd4,
    0x49,0x12,0xe0,0x49,0x12,0xda,0x49,0x12,0xac,0x49,0x12,0x58,0x49,0x12,0x0d,0x00,0x00,0x00,0x00,0x00,0x00,0x49,0x12,0x15,
    0x49,0x12,0xa0,0x49,0x12,0xff,0x49,0x12,0xff,0x49,0x12,0xff,0x49,0x12,0xff,0x49,0x12,0xff,0x49,0x12,0xff,0x49,0x12,0xff,
    0x49,0x12,0xaa,0x00,0x00,0x00,0x00,0x00,0x00,0x00,0x00,0x00,0x00,0x00,0x00,0x00,0x00,0x00,0x00,0x00,0x00,0x00,0x00,0x00,
    0x00,0x00,0x00,0x00,0x00,0x00,0x00,0x00,0x00,0x00,0x00,0x00,0x00,0x00,0x00,0x00,0x00,0x00,0x00,0x00,0x00,0x00,0x00,0x00,
    0x00,0x00,0x00,0x00,0x00,0x00,0x00,0x00,0x00,0x49,0x12,0x55,0x49,0x12,0xff,0x49,0x12,0xff,0x49,0x12,0xff,0x49,0x12,0xff,
    0x49,0x12,0xff,0x49,0x12,0xff,0x49,0x12,0xff,0x49,0x12,0xff,0x49,0x12,0x6a,0x00,0x00,0x00,0x00,0x00,0x00,0x00,0x00,0x00,
    0x00,0x00,0x00,0x00,0x00,0x00,0x43,0xfd,0x30,0x43,0xfd,0xc4,0x43,0xfd,0xff,0x43,0xfd,0xff,0x43,0xfd,0xff,0x43,0xfd,0xff,
    0xe4,0xe4,0xff,0x87,0x7b,0xff,0x88,0x2a,0xff,0x49,0x12,0xff,0x49,0x12,0xff,0x49,0x12,0xff,0x49,0x12,0xff,0x49,0x12,0xff,
    0x49,0x12,0xff,0x49,0x12,0xff,0x49,0x12,0xff,0x49,0x12,0xff,0x49,0x12,0xff,0x49,0x12,0xff,0x49,0x12,0xff,0x49,0x12,0xff,
    0x49,0x12,0xff,0x49,0x12,0xff,0x49,0x12,0xff,0x49,0x12,0xff,0x49,0x12,0xff,0x49,0x12,0xff,0x49,0x12,0xfb,0x49,0x12,0x98,
    0x49,0x12,0x13,0x00,0x00,0x00,0x00,0x00,0x00,0x00,0x00,0x00,0x49,0x12,0xc0,0x49,0x12,0xff,0x49,0x12,0xff,0x49,0x12,0xff,
    0x49,0x12,0xff,0x49,0x12,0xff,0x49,0x12,0xff,0x49,0x12,0xff,0x49,0x12,0xe0,0x49,0x12,0x40,0x00,0x00,0x00,0x00,0x00,0x00,
    0x00,0x00,0x00,0x00,0x00,0x00,0x00,0x00,0x00,0x00,0x00,0x00,0x00,0x00,0x00,0x00,0x00,0x00,0x00,0x00,0x00,0x00,0x00,0x00,
    0x00,0x00,0x00,0x00,0x00,0x00,0x00,0x00,0x00,0x00,0x00,0x00,0x00,0x00,0x00,0x00,0x00,0x00,0x49,0x12,0x60,0x49,0x12,0xea,
    0x49,0x12,0xff,0x49,0x12,0xff,0x49,0x12,0xff,0x49,0x12,0xff,0x49,0x12,0xff,0x49,0x12,0xff,0x49,0x12,0xc0,0x49,0x12,0x40,
    0x00,0x00,0x00,0x00,0x00,0x00,0x00,0x00,0x00,0x00,0x00,0x00,0x00,0x00,0x00,0x00,0x00,0x00,0x00,0x00,0x00,0x00,0x00,0x00,
    0x00,0x00,0x00,0x00,0x00,0x00,0x00,0x00,0x00,0x00,0x00,0x00,0x00,0x00,0x00,0x00,0x00,0x00,0x49,0x12,0x24,0x49,0x12,0x94,
    0x49,0x12,0xff,0x49,0x12,0xff,0x49,0x12,0xff,0x49,0x12,0xff,0x49,0x12,0xff,0x49,0x12,0xff,0x49,0x12,0xff,0x49,0x12,0xff,
    0x49,0x12,0xff,0x49,0x12,0xff,0x49,0x12,0xff,0x49,0x12,0xfb,0x49,0x12,0xda,0x49,0x12,0xb0,0x49,0x12,0xa0,0x49,0x12,0x8a,
    0x49,0x12,0x80,0x49,0x12,0x80,0x49,0x12,0x92,0x49,0x12,0xa8,0x49,0x12,0xbc,0x49,0x12,0xe5,0x49,0x12,0xff,0x49,0x12,0xff,
    0x49,0x12,0xff,0x49,0x12,0xe7,0x49,0x12,0x80,0x49,0x12,0x10,0x00,0x00,0x00,0x00,0x00,0x00,0x00,0x00,0x00,0x00,0x00,0x00,
    0x00,0x00,0x00,0x49,0x12,0xaa,0x49,0x12,0xff,0x49,0x12,0xff,0x49,0x12,0xff,0x49,0x12,0xff,0x49,0x12,0xff,0x49,0x12,0xff,
    0x49,0x12,0xff,0x49,0x12,0xc0,0x49,0x12,0x2b,0x00,0x00,0x00,0x00,0x00,0x00,0x00,0x00,0x00,0x00,0x00,0x00,0x00,0x00,0x00,
    0x00,0x00,0x00,0x00,0x00,0x00,0x00,0x00,0x00,0x00,0x00,0x00,0x49,0x12,0x0c,0x49,0x12,0x54,0x49,0x12,0xc4,0x49,0x12,0xfd,
    0x49,0x12,0xff,0x49,0x12,0xff,0x49,0x12,0xff,0x49,0x12,0xff,0x49,0x12,0xff,0x49,0x12,0xff,0x49,0x12,0xff,0x49,0x12,0xff,
    0x49,0x12,0xd2,0x49,0x12,0x44,0x49,0x12,0x04,0x00,0x00,0x00,0x00,0x00,0x00,0x00,0x00,0x00,0x00,0x00,0x00,0x00,0x00,0x00,
    0x00,0x00,0x00,0x49,0x12,0x8a,0x49,0x12,0xff,0x49,0x12,0xff,0x49,0x12,0xff,0x49,0x12,0xff,0x49,0x12,0xff,0x49,0x12,0xff,
    0x49,0x12,0xff,0x49,0x12,0xff,0x49,0x12,0xff,0x49,0x12,0xff,0x49,0x12,0xff,0x49,0x12,0xff,0x49,0x12,0xff,0x49,0x12,0xf7,
    0x49,0x12,0x60,0x00,0x00,0x00,0x00,0x00,0x00,0x00,0x00,0x00,0x00,0x00,0x00,0x00,0x00,0x00,0x00,0x00,0x00,0x00,0x00,0x00,
    0x00,0x00,0x00,0x49,0x12,0x05,0x49,0x12,0x58,0x49,0x12,0xd0,0x49,0x12,0xff,0x49,0x12,0xff,0x49,0x12,0xff,0x49,0x12,0xff,
    0x49,0x12,0xff,0x49,0x12,0xff,0x49,0x12,0xff,0x49,0x12,0xff,0x49,0x12,0xff,0x49,0x12,0xff,0x49,0x12,0xff,0x49,0x12,0xf3,
    0x49,0x12,0xd8,0x49,0x12,0xb2,0x49,0x12,0x98,0x49,0x12,0x88,0x49,0x12,0x80,0x49,0x12,0x84,0x49,0x12,0x94,0x49,0x12,0xad,
    0x49,0x12,0xcc,0x49,0x12,0xe8,0x49,0x12,0xfd,0x49,0x12,0xff,0x49,0x12,0xff,0x49,0x12,0xff,0x49,0x12,0xfb,0x49,0x12,0xc8,
    0x49,0x12,0x35,0x00,0x00,0x00,0x00,0x00,0x00,0x49,0x12,0x15,0x49,0x12,0xa0,0x49,0x12,0xff,0x49,0x12,0xff,0x49,0x12,0xff,
    0x49,0x12,0xff,0x49,0x12,0xff,0x49,0x12,0xff,0x49,0x12,0xff,0x49,0x12,0xaa,0x00,0x00,0x00,0x00,0x00,0x00,0x00,0x00,0x00,
    0x00,0x00,0x00,0x00,0x00,0x00,0x00,0x00,0x00,0x00,0x00,0x00,0x00,0x00,0x00,0x00,0x00,0x00,0x00,0x00,0x00,0x00,0x00,0x00,
    0x00,0x00,0x00,0x00,0x00,0x00,0x00,0x00,0x00,0x00,0x00,0x00,0x00,0x00,0x00,0x00,0x00,0x00,0x00,0x00,0x00,0x49,0x12,0x55,
    0x49,0x12,0xff,0x49,0x12,0xff,0x49,0x12,0xff,0x49,0x12,0xff,0x49,0x12,0xff,0x49,0x12,0xff,0x49,0x12,0xff,0x49,0x12,0xff,
    0x49,0x12,0x6a,0x00,0x00,0x00,0x00,0x00,0x00,0x00,0x00,0x00,0x00,0x00,0x00,0x00,0x00,0x00,0x43,0xfd,0x70,0x43,0xfd,0xf7,
    0x43,0xfd,0xff,0x43,0xfd,0xff,0x43,0xfd,0xff,0x43,0xf5,0xff,0x06,0x9c,0xff,0x89,0x2a,0xff,0x49,0x12,0xff,0x49,0x12,0xff,
    0x49,0x12,0xff,0x49,0x12,0xff,0x49,0x12,0xff,0x49,0x12,0xff,0x49,0x12,0xff,0x49,0x12,0xff,0x49,0x12,0xff,0x49,0x12,0xff,
    0x49,0x12,0xff,0x49,0x12,0xff,0x49,0x12,0xff,0x49,0x12,0xff,0x49,0x12,0xff,0x49,0x12,0xff,0x49,0x12,0xff,0x49,0x12,0xff,
    0x49,0x12,0xff,0x49,0x12,0xff,0x49,0x12,0xff,0x49,0x12,0xc4,0x49,0x12,0x2d,0x00,0x00,0x00,0x00,0x00,0x00,0x00,0x00,0x00,
    0x49,0x12,0xc0,0x49,0x12,0xff,0x49,0x12,0xff,0x49,0x12,0xff,0x49,0x12,0xff,0x49,0x12,0xff,0x49,0x12,0xff,0x49,0x12,0xff,
    0x49,0x12,0xe0,0x49,0x12,0x40,0x00,0x00,0x00,0x00,0x00,0x00,0x00,0x00,0x00,0x00,0x00,0x00,0x00,0x00,0x00,0x00,0x00,0x00,
    0x00,0x00,0x00,0x00,0x00,0x00,0x00,0x00,0x00,0x00,0x00,0x00,0x00,0x00,0x00,0x00,0x00,0x00,0x00,0x00,0x00,0x00,0x00,0x00,
    0x00,0x00,0x00,0x00,0x00,0x00,0x49,0x12,0x60,0x49,0x12,0xea,0x49,0x12,0xff,0x49,0x12,0xff,0x49,0x12,0xff,0x49,0x12,0xff,
    0x49,0x12,0xff,0x49,0x12,0xff,0x49,0x12,0xc0,0x49,0x12,0x40,0x00,0x00,0x00,0x00,0x00,0x00,0x00,0x00,0x00,0x00,0x00,0x00,
    0x00,0x00,0x00,0x00,0x00,0x00,0x00,0x00,0x00,0x00,0x00,0x00,0x00,0x00,0x00,0x00,0x00,0x00,0x00,0x00,0x00,0x00,0x00,0x00,
    0x00,0x00,0x00,0x00,0x00,0x00,0x00,0x00,0x00,0x49,0x12,0x23,0x49,0x12,0xc8,0x49,0x12,0xf7,0x49,0x12,0xff,0x49,0x12,0xff,
    0x49,0x12,0xff,0x49,0x12,0xff,0x49,0x12,0xff,0x49,0x12,0xff,0x49,0x12,0xff,0x49,0x12,0xff,0x49,0x12,0xff,0x49,0x12,0xff,
    0x49,0x12,0xff,0x49,0x12,0xff,0x49,0x12,0xff,0x49,0x12,0xff,0x49,0x12,0xff,0x49,0x12,0xff,0x49,0x12,0xff,0x49,0x12,0xff,
    0x49,0x12,0xff,0x49,0x12,0xff,0x49,0x12,0xff,0x49,0x12,0xff,0x49,0x12,0xff,0x49,0x12,0xff,0x49,0x12,0xdf,0x49,0x12,0x45,
    0x00,0x00,0x00,0x00,0x00,0x00,0x00,0x00,0x00,0x00,0x00,0x00,0x00,0x00,0x00,0x49,0x12,0xaa,0x49,0x12,0xff,0x49,0x12,0xff,
    0x49,0x12,0xff,0x49,0x12,0xff,0x49,0x12,0xff,0x49,0x12,0xff,0x49,0x12,0xff,0x49,0x12,0xc0,0x49,0x12,0x2b,0x00,0x00,0x00,
    0x00,0x00,0x00,0x00,0x00,0x00,0x00,0x00,0x00,0x00,0x00,0x00,0x00,0x00,0x00,0x00,0x00,0x00,0x00,0x00,0x00,0x00,0x00,0x00,
    0x00,0x00,0x00,0x49,0x12,0x08,0x49,0x12,0x38,0x49,0x12,0xb0,0x49,0x12,0xfd,0x49,0x12,0xff,0x49,0x12,0xff,0x49,0x12,0xff,
    0x49,0x12,0xff,0x49,0x12,0xff,0x49,0x12,0xff,0x49,0x12,0xff,0x49,0x12,0xfa,0x49,0x12,0xc8,0x49,0x12,0x6b,0x49,0x12,0x12,
    0x00,0x00,0x00,0x00,0x00,0x00,0x00,0x00,0x00,0x00,0x00,0x00,0x00,0x00,0x00,0x49,0x12,0x47,0x49,0x12,0xda,0x49,0x12,0xff,
    0x49,0x12,0xff,0x49,0x12,0xff,0x49,0x12,0xff,0x49,0x12,0xff,0x49,0x12,0xff,0x49,0x12,0xff,0x49,0x12,0xff,0x49,0x12,0xff,
    0x49,0x12,0xff,0x49,0x12,0xff,0x49,0x12,0xfa,0x49,0x12,0xb0,0x49,0x12,0x24,0x00,0x00,0x00,0x00,0x00,0x00,0x00,0x00,0x00,
    0x00,0x00,0x00,0x00,0x00,0x00,0x00,0x00,0x00,0x00,0x00,0x00,0x00,0x00,0x00,0x00,0x00,0x00,0x49,0x12,0x0d,0x49,0x12,0x48,
    0x49,0x12,0xbf,0x49,0x12,0xff,0x49,0x12,0xff,0x49,0x12,0xff,0x49,0x12,0xff,0x49,0x12,0xff,0x49,0x12,0xff,0x49,0x12,0xff,
    0x49,0x12,0xff,0x49,0x12,0xff,0x49,0x12,0xff,0x49,0x12,0xff,0x49,0x12,0xff,0x49,0x12,0xff,0x49,0x12,0xff,0x49,0x12,0xff,
    0x49,0x12,0xff,0x49,0x12,0xff,0x49,0x12,0xff,0x49,0x12,0xff,0x49,0x12,0xff,0x49,0x12,0xff,0x49,0x12,0xff,0x49,0x12,0xff,
    0x49,0x12,0xff,0x49,0x12,0xff,0x49,0x12,0xff,0x49,0x12,0xfa,0x49,0x12,0x77,0x00,0x00,0x00,0x00,0x00,0x00,0x49,0x12,0x15,
    0x49,0x12,0xa0,0x49,0x12,0xff,0x49,0x12,0xff,0x49,0x12,0xff,0x49,0x12,0xff,0x49,0x12,0xff,0x49,0x12,0xff,0x49,0x12,0xff,
    0x49,0x12,0xaa,0x00,0x00,0x00,0x00,0x00,0x00,0x00,0x00,0x00,0x00,0x00,0x00,0x00,0x00,0x00,0x00,0x00,0x00,0x00,0x00,0x00,
    0x00,0x00,0x00,0x00,0x00,0x00,0x00,0x00,0x00,0x00,0x00,0x00,0x00,0x00,0x00,0x00,0x00,0x00,0x00,0x00,0x00,0x00,0x00,0x00,
    0x00,0x00,0x00,0x00,0x00,0x00,0x00,0x00,0x00,0x49,0x12,0x55,0x49,0x12,0xff,0x49,0x12,0xff,0x49,0x12,0xff,0x49,0x12,0xff,
    0x49,0x12,0xff,0x49,0x12,0xff,0x49,0x12,0xff,0x49,0x12,0xff,0x49,0x12,0x6a,0x00,0x00,0x00,0x00,0x00,0x00,0x00,0x00,0x00,
    0x43,0xfd,0x08,0x43,0xfd,0x45,0x43,0xfd,0xca,0x43,0xfd,0xff,0x43,0xfd,0xff,0x43,0xf5,0xff,0x85,0xc4,0xff,0xc6,0x83,0xff,
    0xa8,0x32,0xff,0x49,0x12,0xff,0x49,0x12,0xff,0x49,0x12,0xff,0x49,0x12,0xff,0x49,0x12,0xff,0x49,0x12,0xff,0x49,0x12,0xff,
    0x49,0x12,0xff,0x49,0x12,0xff,0x49,0x12,0xff,0x49,0x12,0xff,0x49,0x12,0xff,0x49,0x12,0xff,0x49,0x12,0xff,0x49,0x12,0xff,
    0x49,0x12,0xff,0x49,0x12,0xff,0x49,0x12,0xff,0x49,0x12,0xff,0x49,0x12,0xff,0x49,0x12,0xff,0x49,0x12,0xff,0x49,0x12,0xef,
    0x49,0x12,0x4b,0x00,0x00,0x00,0x00,0x00,0x00,0x00,0x00,0x00,0x49,0x12,0xc0,0x49,0x12,0xff,0x49,0x12,0xff,0x49,0x12,0xff,
    0x49,0x12,0xff,0x49,0x12,0xff,0x49,0x12,0xff,0x49,0x12,0xff,0x49,0x12,0xe0,0x49,0x12,0x40,0x00,0x00,0x00,0x00,0x00,0x00,
    0x00,0x00,0x00,0x00,0x00,0x00,0x00,0x00,0x00,0x00,0x00,0x00,0x00,0x00,0x00,0x00,0x00,0x00,0x00,0x00,0x00,0x00,0x00,0x00,
    0x00,0x00,0x00,0x00,0x00,0x00,0x00,0x00,0x00,0x00,0x00,0x00,0x00,0x00,0x00,0x00,0x00,0x00,0x49,0x12,0x60,0x49,0x12,0xea,
    0x49,0x12,0xff,0x49,0x12,0xff,0x49,0x12,0xff,0x49,0x12,0xff,0x49,0x12,0xff,0x49,0x12,0xff,0x49,0x12,0xc0,0x49,0x12,0x40,
    0x00,0x00,0x00,0x00,0x00,0x00,0x00,0x00,0x00,0x00,0x00,0x00,0x00,0x00,0x00,0x00,0x00,0x00,0x00,0x00,0x00,0x00,0x00,0x00,
    0x00,0x00,0x00,0x00,0x00,0x00,0x00,0x00,0x00,0x00,0x00,0x00,0x00,0x00,0x00,0x00,0x00,0x00,0x00,0x00,0x00,0x00,0x00,0x00,
    0x49,0x12,0x3c,0x49,0x12,0xac,0x49,0x12,0xf3,0x49,0x12,0xff,0x49,0x12,0xff,0x49,0x12,0xff,0x49,0x12,0xff,0x49,0x12,0xff,
    0x49,0x12,0xff,0x49,0x12,0xff,0x49,0x12,0xff,0x49,0x12,0xff,0x49,0x12,0xff,0x49,0x12,0xff,0x49,0x12,0xff,0x49,0x12,0xff,
    0x49,0x12,0xff,0x49,0x12,0xff,0x49,0x12,0xff,0x49,0x12,0xff,0x49,0x12,0xff,0x49,0x12,0xff,0x49,0x12,0xff,0x49,0x12,0xff,
    0x49,0x12,0xff,0x49,0x12,0xff,0x49,0x12,0xff,0x49,0x12,0x70,0x49,0x12,0x08,0x49,0x12,0x0c,0x49,0x12,0x03,0x00,0x00,0x00,
    0x00,0x00,0x00,0x49,0x12,0xaa,0x49,0x12,0xff,0x49,0x12,0xff,0x49,0x12,0xff,0x49,0x12,0xff,0x49,0x12,0xff,0x49,0x12,0xff,
    0x49,0x12,0xff,0x49,0x12,0xc0,0x49,0x12,0x2b,0x00,0x00,0x00,0x00,0x00,0x00,0x00,0x00,0x00,0x00,0x00,0x00,0x00,0x00,0x00,
    0x00,0x00,0x00,0x00,0x00,0x00,0x00,0x00,0x00,0x00,0x00,0x00,0x00,0x00,0x00,0x00,0x00,0x00,0x00,0x00,0x00,0x49,0x12,0x40,
    0x49,0x12,0xd4,0x49,0x12,0xff,0x49,0x12,0xff,0x49,0x12,0xff,0x49,0x12,0xff,0x49,0x12,0xff,0x49,0x12,0xff,0x49,0x12,0xff,
    0x49,0x12,0xff,0x49,0x12,0xff,0x49,0x12,0xe7,0x49,0x12,0x58,0x00,0x00,0x00,0x00,0x00,0x00,0x00,0x00,0x00,0x00,0x00,0x00,
    0x00,0x00,0x00,0x49,0x12,0x0b,0x49,0x12,0x80,0x49,0x12,0xef,0x49,0x12,0xff,0x49,0x12,0xff,0x49,0x12,0xff,0x49,0x12,0xff,
    0x49,0x12,0xff,0x49,0x12,0xff,0x49,0x12,0xff,0x49,0x12,0xff,0x49,0x12,0xff,0x49,0x12,0xff,0x49,0x12,0xd0,0x49,0x12,0x50,
    0x00,0x00,0x00,0x00,0x00,0x00,0x00,0x00,0x00,0x00,0x00,0x00,0x00,0x00,0x00,0x00,0x00,0x00,0x00,0x00,0x00,0x00,0x00,0x00,
    0x00,0x00,0x00,0x00,0x00,0x00,0x00,0x00,0x00,0x00,0x00,0x00,0x49,0x12,0x4b,0x49,0x12,0xd7,0x49,0x12,0xff,0x49,0x12,0xff,
    0x49,0x12,0xff,0x49,0x12,0xff,0x49,0x12,0xff,0x49,0x12,0xff,0x49,0x12,0xff,0x49,0x12,0xff,0x49,0x12,0xff,0x49,0x12,0xff,
    0x49,0x12,0xff,0x49,0x12,0xff,0x49,0x12,0xff,0x49,0x12,0xff,0x49,0x12,0xff,0x49,0x12,0xff,0x49,0x12,0xff,0x49,0x12,0xff,
    0x49,0x12,0xff,0x49,0x12,0xff,0x49,0x12,0xff,0x49,0x12,0xff,0x49,0x12,0xff,0x49,0x12,0xff,0x49,0x12,0xff,0x49,0x12,0xff,
    0x49,0x12,0xa2,0x00,0x00,0x00,0x00,0x00,0x00,0x49,0x12,0x15,0x49,0x12,0xa0,0x49,0x12,0xff,0x49,0x12,0xff,0x49,0x12,0xff,
    0x49,0x12,0xff,0x49,0x12,0xff,0x49,0x12,0xff,0x49,0x12,0xff,0x49,0x12,0xaa,0x00,0x00,0x00,0x00,0x00,0x00,0x00,0x00,0x00,
    0x00,0x00,0x00,0x00,0x00,0x00,0x00,0x00,0x00,0x00,0x00,0x00,0x00,0x00,0x00,0x00,0x00,0x00,0x00,0x00,0x00,0x00,0x00,0x00,
    0x00,0x00,0x00,0x00,0x00,0x00,0x00,0x00,0x00,0x00,0x00,0x00,0x00,0x00,0x00,0x00,0x00,0x00,0x00,0x00,0x00,0x49,0x12,0x55,
    0x49,0x12,0xff,0x49,0x12,0xff,0x49,0x12,0xff,0x49,0x12,0xff,0x49,0x12,0xff,0x49,0x12,0xff,0x49,0x12,0xff,0x49,0x12,0xff,
    0x49,0x12,0x6a,0x00,0x00,0x00,0x00,0x00,0x00,0x43,0xfd,0x03,0x43,0xfd,0x48,0x43,0xfd,0xc4,0x43,0xfd,0xff,0x43,0xfd,0xff,
    0x43,0xfd,0xff,0x65,0xbc,0xff,0xe8,0x42,0xff,0x49,0x1a,0xff,0x49,0x12,0xff,0x49,0x12,0xff,0x49,0x12,0xff,0x49,0x12,0xff,
    0x49,0x12,0xff,0x49,0x12,0xff,0x49,0x12,0xff,0x49,0x12,0xff,0x49,0x12,0xff,0x49,0x12,0xff,0x49,0x12,0xff,0x49,0x12,0xff,
    0x49,0x12,0xff,0x49,0x12,0xff,0x49,0x12,0xff,0x49,0x12,0xff,0x49,0x12,0xff,0x49,0x12,0xff,0x49,0x12,0xff,0x49,0x12,0xff,
    0x49,0x12,0xff,0x49,0x12,0xff,0x49,0x12,0xff,0x49,0x12,0xff,0x49,0x12,0x55,0x00,0x00,0x00,0x00,0x00,0x00,0x00,0x00,0x00,
    0x49,0x12,0xc0,0x49,0x12,0xff,0x49,0x12,0xff,0x49,0x12,0xff,0x49,0x12,0xff,0x49,0x12,0xff,0x49,0x12,0xff,0x49,0x12,0xff,
    0x49,0x12,0xe0,0x49,0x12,0x40,0x00,0x00,0x00,0x00,0x00,0x00,0x00,0x00,0x00,0x00,0x00,0x00,0x00,0x00,0x00,0x00,0x00,0x00,
    0x00,0x00,0x00,0x00,0x00,0x00,0x00,0x00,0x00,0x00,0x00,0x00,0x00,0x00,0x00,0x00,0x00,0x00,0x00,0x00,0x00,0x00,0x00,0x00,
    0x00,0x00,0x00,0x00,0x00,0x00,0x49,0x12,0x60,0x49,0x12,0xea,0x49,0x12,0xff,0x49,0x12,0xff,0x49,0x12,0xff,0x49,0x12,0xff,
    0x49,0x12,0xff,0x49,0x12,0xff,0x49,0x12,0xc0,0x49,0x12,0x40,0x00,0x00,0x00,0x00,0x00,0x00,0x00,0x00,0x00,0x00,0x00,0x00,
    0x00,0x00,0x00,0x00,0x00,0x00,0x00,0x00,0x00,0x00,0x00,0x00,0x00,0x00,0x00,0x00,0x00,0x00,0x00,0x00,0x00,0x00,0x00,0x00,
    0x00,0x00,0x00,0x00,0x00,0x00,0x00,0x00,0x00,0x00,0x00,0x00,0x49,0x12,0x04,0x49,0x12,0x38,0x49,0x12,0x98,0x49,0x12,0xed,
    0x49,0x12,0xff,0x49,0x12,0xff,0x49,0x12,0xff,0x49,0x12,0xff,0x49,0x12,0xff,0x49,0x12,0xff,0x49,0x12,0xff,0x49,0x12,0xff,
    0x49,0x12,0xff,0x49,0x12,0xff,0x49,0x12,0xff,0x49,0x12,0xff,0x49,0x12,0xff,0x49,0x12,0xff,0x49,0x12,0xff,0x49,0x12,0xff,
    0x49,0x12,0xff,0x49,0x12,0xff,0x49,0x12,0xff,0x49,0x12,0xff,0x49,0x12,0xff,0x49,0x12,0xff,0x49,0x12,0xff,0x49,0x12,0x7d,
    0x49,0x12,0x18,0x49,0x12,0x30,0x49,0x12,0x10,0x00,0x00,0x00,0x00,0x00,0x00,0x49,0x12,0xaa,0x49,0x12,0xff,0x49,0x12,0xff,
    0x49,0x12,0xff,0x49,0x12,0xff,0x49,0x12,0xff,0x49,0x12,0xff,0x49,0x12,0xff,0x49,0x12,0xc0,0x49,0x12,0x2b,0x00,0x00,0x00,
    0x00,0x00,0x00,0x00,0x00,0x00,0x00,0x00,0x00,0x00,0x00,0x00,0x00,0x00,0x00,0x00,0x00,0x00,0x00,0x00,0x00,0x00,0x00,0x00,
    0x00,0x00,0x00,0x00,0x00,0x00,0x00,0x00,0x00,0x49,0x12,0x10,0x49,0x12,0x70,0x49,0x12,0xd7,0x49,0x12,0xff,0x49,0x12,0xff,
    0x49,0x12,0xff,0x49,0x12,0xff,0x49,0x12,0xff,0x49,0x12,0xff,0x49,0x12,0xff,0x49,0x12,0xff,0x49,0x12,0xff,0x49,0x12,0x9d,
    0x49,0x12,0x10,0x00,0x00,0x00,0x00,0x00,0x00,0x00,0x00,0x00,0x00,0x00,0x00,0x00,0x00,0x00,0x49,0x12,0x40,0x49,0x12,0xc0,
    0x49,0x12,0xff,0x49,0x12,0xff,0x49,0x12,0xff,0x49,0x12,0xff,0x49,0x12,0xff,0x49,0x12,0xff,0x49,0x12,0xff,0x49,0x12,0xff,
    0x49,0x12,0xff,0x49,0x12,0xf7,0x49,0x12,0x8c,0x49,0x12,0x18,0x00,0x00,0x00,0x00,0x00,0x00,0x00,0x00,0x00,0x00,0x00,0x00,
    0x00,0x00,0x00,0x00,0x00,0x00,0x00,0x00,0x00,0x00,0x00,0x00,0x00,0x00,0x00,0x00,0x00,0x00,0x00,0x00,0x00,0x00,0x00,0x00,
    0x49,0x12,0x10,0x49,0x12,0x64,0x49,0x12,0xc4,0x49,0x12,0xf7,0x49,0x12,0xff,0x49,0x12,0xff,0x49,0x12,0xff,0x49,0x12,0xff,
    0x49,0x12,0xff,0x49,0x12,0xff,0x49,0x12,0xff,0x49,0x12,0xff,0x49,0x12,0xff,0x49,0x12,0xff,0x49,0x12,0xff,0x49,0x12,0xff,
    0x49,0x12,0xff,0x49,0x12,0xff,0x49,0x12,0xff,0x49,0x12,0xff,0x49,0x12,0xff,0x49,0x12,0xff,0x49,0x12,0xff,0x49,0x12,0xff,
    0x49,0x12,0xff,0x49,0x12,0xff,0x49,0x12,0xff,0x49,0x12,0xff,0x49,0x12,0xaa,0x00,0x00,0x00,0x00,0x00,0x00,0x49,0x12,0x15,
    0x49,0x12,0xa0,0x49,0x12,0xff,0x49,0x12,0xff,0x49,0x12,0xff,0x49,0x12,0xff,0x49,0x12,0xff,0x49,0x12,0xff,0x49,0x12,0xff,
    0x49,0x12,0xaa,0x00,0x00,0x00,0x00,0x00,0x00,0x00,0x00,0x00,0x00,0x00,0x00,0x00,0x00,0x00,0x00,0x00,0x00,0x00,0x00,0x00,
    0x00,0x00,0x00,0x00,0x00,0x00,0x00,0x00,0x00,0x00,0x00,0x00,0x00,0x00,0x00,0x00,0x00,0x00,0x00,0x00,0x00,0x00,0x00,0x00,
    0x00,0x00,0x00,0x00,0x00,0x00,0x00,0x00,0x00,0x49,0x12,0x55,0x49,0x12,0xff,0x49,0x12,0xff,0x49,0x12,0xff,0x49,0x12,0xff,
    0x49,0x12,0xff,0x49,0x12,0xff,0x49,0x12,0xff,0x49,0x12,0xff,0x49,0x12,0x6a,0x00,0x00,0x00,0x00,0x00,0x00,0x43,0xfd,0x20,
    0x43,0xfd,0xa8,0x43,0xfd,0xf7,0x43,0xfd,0xff,0x43,0xfd,0xff,0xc4,0xd4,0xff,0x47,0x63,0xff,0x49,0x12,0xff,0x49,0x12,0xff,
    0x49,0x12,0xff,0x49,0x12,0xff,0x49,0x12,0xff,0x49,0x12,0xff,0x49,0x12,0xff,0x49,0x12,0xff,0x49,0x12,0xff,0x49,0x12,0xff,
    0x49,0x12,0xff,0x49,0x12,0xff,0x49,0x12,0xff,0x49,0x12,0xff,0x49,0x12,0xff,0x49,0x12,0xff,0x49,0x12,0xff,0x49,0x12,0xff,
    0x49,0x12,0xff,0x49,0x12,0xff,0x49,0x12,0xff,0x49,0x12,0xff,0x49,0x12,0xff,0x49,0x12,0xff,0x49,0x12,0xff,0x49,0x12,0xfb,
    0x49,0x12,0x53,0x00,0x00,0x00,0x00,0x00,0x00,0x00,0x00,0x00,0x49,0x12,0xc0,0x49,0x12,0xff,0x49,0x12,0xff,0x49,0x12,0xff,
    0x49,0x12,0xff,0x49,0x12,0xff,0x49,0x12,0xff,0x49,0x12,0xff,0x49,0x12,0xe0,0x49,0x12,0x40,0x00,0x00,0x00,0x00,0x00,0x00,
    0x00,0x00,0x00,0x00,0x00,0x00,0x00,0x00,0x00,0x00,0x00,0x00,0x00,0x00,0x00,0x00,0x00,0x00,0x00,0x00,0x00,0x00,0x00,0x00,
    0x00,0x00,0x00,0x00,0x00,0x00,0x00,0x00,0x00,0x00,0x00,0x00,0x00,0x00,0x00,0x00,0x00,0x00,0x49,0x12,0x60,0x49,0x12,0xea,
    0x49,0x12,0xff,0x49,0x12,0xff,0x49,0x12,0xff,0x49,0x12,0xff,0x49,0x12,0xff,0x49,0x12,0xff,0x49,0x12,0xc0,0x49,0x12,0x40,
    0x00,0x00,0x00,0x00,0x00,0x00,0x00,0x00,0x00,0x00,0x00,0x00,0x00,0x00,0x00,0x00,0x00,0x00,0x00,0x00,0x00,0x00,0x00,0x00,
    0x00,0x00,0x00,0x00,0x00,0x00,0x00,0x00,0x00,0x00,0x00,0x00,0x00,0x00,0x00,0x00,0x00,0x00,0x00,0x00,0x00,0x00,0x00,0x00,
    0x00,0x00,0x00,0x00,0x00,0x00,0x49,0x12,0x18,0x49,0x12,0x69,0x49,0x12,0xb8,0x49,0x12,0xe5,0x49,0x12,0xfd,0x49,0x12,0xff,
    0x49,0x12,0xff,0x49,0x12,0xff,0x49,0x12,0xff,0x49,0x12,0xff,0x49,0x12,0xff,0x49,0x12,0xff,0x49,0x12,0xff,0x49,0x12,0xff,
    0x49,0x12,0xff,0x49,0x12,0xff,0x49,0x12,0xff,0x49,0x12,0xff,0x49,0x12,0xff,0x49,0x12,0xff,0x49,0x12,0xff,0x49,0x12,0xff,
    0x49,0x12,0xff,0x49,0x12,0xfd,0x49,0x12,0xed,0x49,0x12,0x79,0x49,0x12,0x0d,0x49,0x12,0x18,0x49,0x12,0x09,0x00,0x00,0x00,
    0x00,0x00,0x00,0x49,0x12,0xaa,0x49,0x12,0xff,0x49,0x12,0xff,0x49,0x12,0xff,0x49,0x12,0xff,0x49,0x12,0xff,0x49,0x12,0xff,
    0x49,0x12,0xff,0x49,0x12,0xc0,0x49,0x12,0x2b,0x00,0x00,0x00,0x00,0x00,0x00,0x00,0x00,0x00,0x00,0x00,0x00,0x00,0x00,0x00,
    0x00,0x00,0x00,0x00,0x00,0x00,0x00,0x00,0x00,0x00,0x00,0x00,0x00,0x00,0x00,0x00,0x00,0x00,0x00,0x00,0x00,0x00,0x00,0x00,
    0x49,0x12,0x10,0x49,0x12,0x4d,0x49,0x12,0xc8,0x49,0x12,0xff,0x49,0x12,0xff,0x49,0x12,0xff,0x49,0x12,0xff,0x49,0x12,0xff,
    0x49,0x12,0xff,0x49,0x12,0xff,0x49,0x12,0xff,0x49,0x12,0xe8,0x49,0x12,0x80,0x49,0x12,0x23,0x00,0x00,0x00,0x00,0x00,0x00,
    0x00,0x00,0x00,0x00,0x00,0x00,0x49,0x12,0x0b,0x49,0x12,0x5b,0x49,0x12,0xdf,0x49,0x12,0xff,0x49,0x12,0xff,0x49,0x12,0xff,
    0x49,0x12,0xff,0x49,0x12,0xff,0x49,0x12,0xff,0x49,0x12,0xff,0x49,0x12,0xff,0x49,0x12,0xc1,0x49,0x12,0x2d,0x00,0x00,0x00,
    0x00,0x00,0x00,0x00,0x00,0x00,0x00,0x00,0x00,0x00,0x00,0x00,0x00,0x00,0x00,0x00,0x00,0x00,0x00,0x00,0x00,0x00,0x00,0x00,
    0x00,0x00,0x00,0x00,0x00,0x00,0x00,0x00,0x00,0x00,0x00,0x00,0x00,0x00,0x00,0x49,0x12,0x08,0x49,0x12,0x30,0x49,0x12,0x6b,
    0x49,0x12,0xd2,0x49,0x12,0xf5,0x49,0x12,0xff,0x49,0x12,0xff,0x49,0x12,0xff,0x49,0x12,0xff,0x49,0x12,0xff,0x49,0x12,0xff,
    0x49,0x12,0xff,0x49,0x12,0xff,0x49,0x12,0xff,0x49,0x12,0xff,0x49,0x12,0xff,0x49,0x12,0xff,0x49,0x12,0xff,0x49,0x12,0xff,
    0x49,0x12,0xff,0x49,0x12,0xff,0x49,0x12,0xff,0x49,0x12,0xff,0x49,0x12,0xff,0x49,0x12,0xf8,0x49,0x12,0xda,0x49,0x12,0xb5,
    0x49,0x12,0x5c,0x00,0x00,0x00,0x00,0x00,0x00,0x49,0x12,0x15,0x49,0x12,0xa0,0x49,0x12,0xff,0x49,0x12,0xff,0x49,0x12,0xff,
    0x49,0x12,0xff,0x49,0x12,0xff,0x49,0x12,0xff,0x49,0x12,0xff,0x49,0x12,0xaa,0x00,0x00,0x00,0x00,0x00,0x00,0x00,0x00,0x00,
    0x00,0x00,0x00,0x00,0x00,0x00,0x00,0x00,0x00,0x00,0x00,0x00,0x00,0x00,0x00,0x00,0x00,0x00,0x00,0x00,0x00,0x00,0x00,0x00,
    0x00,0x00,0x00,0x00,0x00,0x00,0x00,0x00,0x00,0x00,0x00,0x00,0x00,0x00,0x00,0x00,0x00,0x00,0x00,0x00,0x00,0x49,0x12,0x55,
    0x49,0x12,0xff,0x49,0x12,0xff,0x49,0x12,0xff,0x49,0x12,0xff,0x49,0x12,0xff,0x49,0x12,0xff,0x49,0x12,0xff,0x49,0x12,0xff,
    0x49,0x12,0x6a,0x00,0x00,0x00,0x43,0xfd,0x08,0x43,0xfd,0x7a,0x43,0xfd,0xf2,0x43,0xfd,0xff,0x03,0xe5,0xfe,0x06,0x9c,0xff,
    0x08,0x53,0xff,0x69,0x22,0xff,0x49,0x12,0xff,0x49,0x12,0xff,0x49,0x12,0xff,0x49,0x12,0xff,0x49,0x12,0xff,0x49,0x12,0xff,
    0x49,0x12,0xff,0x49,0x12,0xff,0x49,0x12,0xff,0x49,0x12,0xff,0x49,0x12,0xff,0x49,0x12,0xff,0x49,0x12,0xff,0x49,0x12,0xff,
    0x49,0x12,0xff,0x49,0x12,0xff,0x49,0x12,0xff,0x49,0x12,0xff,0x49,0x12,0xff,0x49,0x12,0xff,0x49,0x12,0xff,0x49,0x12,0xff,
    0x49,0x12,0xff,0x49,0x12,0xff,0x49,0x12,0xfd,0x49,0x12,0xc5,0x49,0x12,0x30,0x00,0x00,0x00,0x00,0x00,0x00,0x00,0x00,0x00,
    0x49,0x12,0xc0,0x49,0x12,0xff,0x49,0x12,0xff,0x49,0x12,0xff,0x49,0x12,0xff,0x49,0x12,0xff,0x49,0x12,0xff,0x49,0x12,0xff,
    0x49,0x12,0xe0,0x49,0x12,0x40,0x00,0x00,0x00,0x00,0x00,0x00,0x00,0x00,0x00,0x00,0x00,0x00,0x00,0x00,0x00,0x00,0x00,0x00,
    0x00,0x00,0x00,0x00,0x00,0x00,0x00,0x00,0x00,0x00,0x00,0x00,0x00,0x00,0x00,0x00,0x00,0x00,0x00,0x00,0x00,0x00,0x00,0x00,
    0x00,0x00,0x00,0x00,0x00,0x00,0x49,0x12,0x60,0x49,0x12,0xea,0x49,0x12,0xff,0x49,0x12,0xff,0x49,0x12,0xff,0x49,0x12,0xff,
    0x49,0x12,0xff,0x49,0x12,0xff,0x49,0x12,0xc0,0x49,0x12,0x40,0x00,0x00,0x00,0x00,0x00,0x00,0x00,0x00,0x00,0x00,0x00,0x00,
    0x00,0x00,0x00,0x00,0x00,0x00,0x00,0x00,0x00,0x00,0x00,0x00,0x00,0x00,0x00,0x00,0x00,0x00,0x00,0x00,0x00,0x00,0x00,0x00,
    0x00,0x00,0x00,0x00,0x00,0x00,0x00,0x00,0x00,0x00,0x00,0x00,0x00,0x00,0x00,0x00,0x00,0x00,0x00,0x00,0x00,0x00,0x00,0x00,
    0x49,0x12,0x1c,0x49,0x12,0x58,0x49,0x12,0xb0,0x49,0x12,0xf3,0x49,0x12,0xff,0x49,0x12,0xff,0x49,0x12,0xff,0x49,0x12,0xff,
    0x49,0x12,0xff,0x49,0x12,0xff,0x49,0x12,0xff,0x49,0x12,0xff,0x49,0x12,0xff,0x49,0x12,0xff,0x49,0x12,0xff,0x49,0x12,0xff,
    0x49,0x12,0xff,0x49,0x12,0xff,0x49,0x12,0xff,0x49,0x12,0xfb,0x49,0x12,0xd0,0x49,0x12,0x90,0x49,0x12,0x64,0x49,0x12,0x20,
    0x00,0x00,0x00,0x00,0x00,0x00,0x00,0x00,0x00,0x00,0x00,0x00,0x00,0x00,0x00,0x49,0x12,0xaa,0x49,0x12,0xff,0x49,0x12,0xff,
    0x49,0x12,0xff,0x49,0x12,0xff,0x49,0x12,0xff,0x49,0x12,0xff,0x49,0x12,0xff,0x49,0x12,0xc0,0x49,0x12,0x2b,0x00,0x00,0x00,
    0x00,0x00,0x00,0x00,0x00,0x00,0x00,0x00,0x00,0x00,0x00,0x00,0x00,0x00,0x00,0x00,0x00,0x00,0x00,0x00,0x00,0x00,0x00,0x00,
    0x00,0x00,0x00,0x00,0x00,0x00,0x00,0x00,0x00,0x00,0x00,0x00,0x00,0x00,0x00,0x00,0x00,0x00,0x49,0x12,0x68,0x49,0x12,0xf3,
    0x49,0x12,0xff,0x49,0x12,0xff,0x49,0x12,0xff,0x49,0x12,0xff,0x49,0x12,0xff,0x49,0x12,0xff,0x49,0x12,0xff,0x49,0x12,0xff,
    0x49,0x12,0xef,0x49,0x12,0x90,0x49,0x12,0x15,0x00,0x00,0x00,0x00,0x00,0x00,0x00,0x00,0x00,0x00,0x00,0x00,0x49,0x12,0x08,
    0x49,0x12,0xa0,0x49,0x12,0xff,0x49,0x12,0xff,0x49,0x12,0xff,0x49,0x12,0xff,0x49,0x12,0xff,0x49,0x12,0xff,0x49,0x12,0xff,
    0x49,0x12,0xff,0x49,0x12,0x80,0x00,0x00,0x00,0x00,0x00,0x00,0x00,0x00,0x00,0x00,0x00,0x00,0x00,0x00,0x00,0x00,0x00,0x00,
    0x00,0x00,0x00,0x00,0x00,0x00,0x00,0x00,0x00,0x00,0x00,0x00,0x00,0x00,0x00,0x00,0x00,0x00,0x00,0x00,0x00,0x00,0x00,0x00,
    0x00,0x00,0x00,0x00,0x00,0x00,0x00,0x00,0x00,0x00,0x00,0x00,0x49,0x12,0x3c,0x49,0x12,0x7c,0x49,0x12,0xb4,0x49,0x12,0xed,
    0x49,0x12,0xff,0x49,0x12,0xff,0x49,0x12,0xff,0x49,0x12,0xff,0x49,0x12,0xff,0x49,0x12,0xff,0x49,0x12,0xff,0x49,0x12,0xff,
    0x49,0x12,0xff,0x49,0x12,0xff,0x49,0x12,0xff,0x49,0x12,0xff,0x49,0x12,0xff,0x49,0x12,0xff,0x49,0x12,0xff,0x49,0x12,0xf3,
    0x49,0x12,0xd0,0x49,0x12,0x8d,0x49,0x12,0x48,0x49,0x12,0x18,0x00,0x00,0x00,0x00,0x00,0x00,0x00,0x00,0x00,0x49,0x12,0x15,
    0x49,0x12,0xa0,0x49,0x12,0xff,0x49,0x12,0xff,0x49,0x12,0xff,0x49,0x12,0xff,0x49,0x12,0xff,0x49,0x12,0xff,0x49,0x12,0xff,
    0x49,0x12,0xaa,0x00,0x00,0x00,0x00,0x00,0x00,0x00,0x00,0x00,0x00,0x00,0x00,0x00,0x00,0x00,0x00,0x00,0x00,0x00,0x00,0x00,
    0x00,0x00,0x00,0x00,0x00,0x00,0x00,0x00,0x00,0x00,0x00,0x00,0x00,0x00,0x00,0x00,0x00,0x00,0x00,0x00,0x00,0x00,0x00,0x00,
    0x00,0x00,0x00,0x00,0x00,0x00,0x00,0x00,0x00,0x49,0x12,0x55,0x49,0x12,0xff,0x49,0x12,0xff,0x49,0x12,0xff,0x49,0x12,0xff,
    0x49,0x12,0xff,0x49,0x12,0xff,0x49,0x12,0xff,0x49,0x12,0xff,0x49,0x12,0x6a,0x43,0xfd,0x04,0x43,0xfd,0x4c,0x43,0xfd,0xda,
    0x43,0xfd,0xff,0x23,0xf5,0xfb,0xc6,0x8b,0xfc,0x69,0x22,0xff,0x49,0x12,0xff,0x49,0x12,0xff,0x49,0x12,0xff,0x49,0x12,0xff,
    0x49,0x12,0xff,0x49,0x12,0xff,0x49,0x12,0xff,0x49,0x12,0xff,0x49,0x12,0xff,0x49,0x12,0xff,0x49,0x12,0xff,0x49,0x12,0xff,
    0x49,0x12,0xff,0x49,0x12,0xff,0x49,0x12,0xff,0x49,0x12,0xff,0x49,0x12,0xff,0x49,0x12,0xff,0x49,0x12,0xff,0x49,0x12,0xff,
    0x49,0x12,0xff,0x49,0x12,0xff,0x49,0x12,0xff,0x49,0x12,0xff,0x49,0x12,0xff,0x49,0x12,0xed,0x49,0x12,0xac,0x49,0x12,0x4c,
    0x49,0x12,0x05,0x00,0x00,0x00,0x00,0x00,0x00,0x00,0x00,0x00,0x49,0x12,0x78,0x49,0x12,0xa0,0x49,0x12,0xa0,0x49,0x12,0xa0,
    0x49,0x12,0xa0,0x49,0x12,0xa0,0x49,0x12,0xa0,0x49,0x12,0xa0,0x49,0x12,0x8c,0x49,0x12,0x28,0x00,0x00,0x00,0x00,0x00,0x00,
    0x00,0x00,0x00,0x00,0x00,0x00,0x00,0x00,0x00,0x00,0x00,0x00,0x00,0x00,0x00,0x00,0x00,0x00,0x00,0x00,0x00,0x00,0x00,0x00,
    0x00,0x00,0x00,0x00,0x00,0x00,0x00,0x00,0x00,0x00,0x00,0x00,0x00,0x00,0x00,0x00,0x00,0x00,0x49,0x12,0x3c,0x49,0x12,0x92,
    0x49,0x12,0xa0,0x49,0x12,0xa0,0x49,0x12,0xa0,0x49,0x12,0xa0,0x49,0x12,0xa0,0x49,0x12,0xa0,0x49,0x12,0x78,0x49,0x12,0x28,
    0x00,0x00,0x00,0x00,0x00,0x00,0x00,0x00,0x00,0x00,0x00,0x00,0x00,0x00,0x00,0x00,0x00,0x00,0x00,0x00,0x00,0x00,0x00,0x00,
    0x00,0x00,0x00,0x00,0x00,0x00,0x00,0x00,0x00,0x00,0x00,0x00,0x00,0x00,0x00,0x00,0x00,0x00,0x00,0x00,0x00,0x00,0x00,0x00,
    0x00,0x00,0x00,0x00,0x00,0x00,0x00,0x00,0x00,0x00,0x00,0x00,0x00,0x00,0x00,0x00,0x00,0x00,0x49,0x12,0x33,0x49,0x12,0x7c,
    0x49,0x12,0xa4,0x49,0x12,0xd8,0x49,0x12,0xfb,0x49,0x12,0xff,0x49,0x12,0xff,0x49,0x12,0xff,0x49,0x12,0xff,0x49,0x12,0xff,
    0x49,0x12,0xff,0x49,0x12,0xff,0x49,0x12,0xff,0x49,0x12,0xff,0x49,0x12,0xf3,0x49,0x12,0xd2,0x49,0x12,0xa8,0x49,0x12,0x88,
    0x49,0x12,0x50,0x49,0x12,0x14,0x00,0x00,0x00,0x00,0x00,0x00,0x00,0x00,0x00,0x00,0x00,0x00,0x00,0x00,0x00,0x00,0x00,0x00,
    0x00,0x00,0x00,0x49,0x12,0x6a,0x49,0x12,0xa0,0x49,0x12,0xa0,0x49,0x12,0xa0,0x49,0x12,0xa0,0x49,0x12,0xa0,0x49,0x12,0xa0,
    0x49,0x12,0xa0,0x49,0x12,0x78,0x49,0x12,0x1b,0x00,0x00,0x00,0x00,0x00,0x00,0x00,0x00,0x00,0x00,0x00,0x00,0x00,0x00,0x00,
    0x00,0x00,0x00,0x00,0x00,0x00,0x00,0x00,0x00,0x00,0x00,0x00,0x00,0x00,0x00,0x00,0x00,0x00,0x00,0x00,0x00,0x00,0x00,0x00,
    0x00,0x00,0x00,0x00,0x00,0x00,0x49,0x12,0x25,0x49,0x12,0x88,0x49,0x12,0xa0,0x49,0x12,0xa0,0x49,0x12,0xa0,0x49,0x12,0xa0,
    0x49,0x12,0xa0,0x49,0x12,0xa0,0x49,0x12,0xa0,0x49,0x12,0xa0,0x49,0x12,0xa0,0x49,0x12,0x7c,0x49,0x12,0x1d,0x00,0x00,0x00,
    0x00,0x00,0x00,0x00,0x00,0x00,0x00,0x00,0x00,0x00,0x00,0x00,0x49,0x12,0x53,0x49,0x12,0xa0,0x49,0x12,0xa0,0x49,0x12,0xa0,
    0x49,0x12,0xa0,0x49,0x12,0xa0,0x49,0x12,0xa0,0x49,0x12,0xa0,0x49,0x12,0x9c,0x49,0x12,0x3d,0x00,0x00,0x00,0x00,0x00,0x00,
    0x00,0x00,0x00,0x00,0x00,0x00,0x00,0x00,0x00,0x00,0x00,0x00,0x00,0x00,0x00,0x00,0x00,0x00,0x00,0x00,0x00,0x00,0x00,0x00,
    0x00,0x00,0x00,0x00,0x00,0x00,0x00,0x00,0x00,0x00,0x00,0x00,0x00,0x00,0x00,0x00,0x00,0x00,0x00,0x00,0x00,0x00,0x00,0x00,
    0x00,0x00,0x00,0x49,0x12,0x0c,0x49,0x12,0x34,0x49,0x12,0x7b,0x49,0x12,0xb8,0x49,0x12,0xd8,0x49,0x12,0xf7,0x49,0x12,0xff,
    0x49,0x12,0xff,0x49,0x12,0xff,0x49,0x12,0xff,0x49,0x12,0xff,0x49,0x12,0xff,0x49,0x12,0xff,0x49,0x12,0xff,0x49,0x12,0xfd,
    0x49,0x12,0xec,0x49,0x12,0xd4,0x49,0x12,0xa8,0x49,0x12,0x78,0x49,0x12,0x50,0x49,0x12,0x18,0x00,0x00,0x00,0x00,0x00,0x00,
    0x00,0x00,0x00,0x00,0x00,0x00,0x00,0x00,0x00,0x49,0x12,0x0d,0x49,0x12,0x64,0x49,0x12,0xa0,0x49,0x12,0xa0,0x49,0x12,0xa0,
    0x49,0x12,0xa0,0x49,0x12,0xa0,0x49,0x12,0xa0,0x49,0x12,0xa0,0x49,0x12,0x6a,0x00,0x00,0x00,0x00,0x00,0x00,0x00,0x00,0x00,
    0x00,0x00,0x00,0x00,0x00,0x00,0x00,0x00,0x00,0x00,0x00,0x00,0x00,0x00,0x00,0x00,0x00,0x00,0x00,0x00,0x00,0x00,0x00,0x00,
    0x00,0x00,0x00,0x00,0x00,0x00,0x00,0x00,0x00,0x00,0x00,0x00,0x00,0x00,0x00,0x00,0x00,0x00,0x00,0x00,0x00,0x49,0x12,0x35,
    0x49,0x12,0xa0,0x49,0x12,0xa0,0x49,0x12,0xa0,0x49,0x12,0xa0,0x49,0x12,0xa0,0x49,0x12,0xa0,0x49,0x12,0xa0,0x49,0x12,0xa0,
    0x49,0x12,0x43,0x43,0xfd,0x08,0x43,0xfd,0x54,0x43,0xfd,0x9d,0x43,0xf5,0xa3,0xc5,0xd4,0xa1,0x08,0x53,0x9f,0x49,0x12,0xa0,
    0x49,0x12,0xa0,0x49,0x12,0xa0,0x49,0x12,0xa0,0x49,0x12,0xa0,0x49,0x12,0xa0,0x49,0x12,0xa0,0x49,0x12,0xa0,0x49,0x12,0xa0,
    0x49,0x12,0xa0,0x49,0x12,0xa0,0x49,0x12,0xa0,0x49,0x12,0xa0,0x49,0x12,0xa0,0x49,0x12,0xa0,0x49,0x12,0xa0,0x49,0x12,0xa0,
    0x49,0x12,0xa0,0x49,0x12,0xa0,0x49,0x12,0xa0,0x49,0x12,0xa0,0x49,0x12,0xa0,0x49,0x12,0xa0,0x49,0x12,0xa0,0x49,0x12,0xa0,
    0x49,0x12,0x94,0x49,0x12,0x70,0x49,0x12,0x30,0x49,0x12,0x08,0x00,0x00,0x00,0x00,0x00,0x00,0x00,0x00,0x00,0x00,0x00,0x00,
    0x49,0x12,0x18,0x49,0x12,0x20,0x49,0x12,0x20,0x49,0x12,0x20,0x49,0x12,0x20,0x49,0x12,0x20,0x49,0x12,0x20,0x49,0x12,0x20,
    0x49,0x12,0x1c,0x49,0x12,0x08,0x00,0x00,0x00,0x00,0x00,0x00,0x00,0x00,0x00,0x00,0x00,0x00,0x00,0x00,0x00,0x00,0x00,0x00,
    0x00,0x00,0x00,0x00,0x00,0x00,0x00,0x00,0x00,0x00,0x00,0x00,0x00,0x00,0x00,0x00,0x00,0x00,0x00,0x00,0x00,0x00,0x00,0x00,
    0x00,0x00,0x00,0x00,0x00,0x00,0x49,0x12,0x0c,0x49,0x12,0x1d,0x49,0x12,0x20,0x49,0x12,0x20,0x49,0x12,0x20,0x49,0x12,0x20,
    0x49,0x12,0x20,0x49,0x12,0x20,0x49,0x12,0x18,0x49,0x12,0x08,0x00,0x00,0x00,0x00,0x00,0x00,0x00,0x00,0x00,0x00,0x00,0x00,
    0x00,0x00,0x00,0x00,0x00,0x00,0x00,0x00,0x00,0x00,0x00,0x00,0x00,0x00,0x00,0x00,0x00,0x00,0x00,0x00,0x00,0x00,0x00,0x00,
    0x00,0x00,0x00,0x00,0x00,0x00,0x00,0x00,0x00,0x00,0x00,0x00,0x00,0x00,0x00,0x00,0x00,0x00,0x00,0x00,0x00,0x00,0x00,0x00,
    0x00,0x00,0x00,0x00,0x00,0x00,0x00,0x00,0x00,0x49,0x12,0x08,0x49,0x12,0x24,0x49,0x12,0x58,0x49,0x12,0x80,0x49,0x12,0x94,
    0x49,0x12,0xb0,0x49,0x12,0xc0,0x49,0x12,0xc0,0x49,0x12,0xc0,0x49,0x12,0xc0,0x49,0x12,0xb8,0x49,0x12,0xa2,0x49,0x12,0x8c,
    0x49,0x12,0x74,0x49,0x12,0x53,0x49,0x12,0x28,0x49,0x12,0x0c,0x00,0x00,0x00,0x00,0x00,0x00,0x00,0x00,0x00,0x00,0x00,0x00,
    0x00,0x00,0x00,0x00,0x00,0x00,0x00,0x00,0x00,0x00,0x00,0x00,0x00,0x00,0x00,0x49,0x12,0x15,0x49,0x12,0x20,0x49,0x12,0x20,
    0x49,0x12,0x20,0x49,0x12,0x20,0x49,0x12,0x20,0x49,0x12,0x20,0x49,0x12,0x20,0x49,0x12,0x18,0x49,0x12,0x05,0x00,0x00,0x00,
    0x00,0x00,0x00,0x00,0x00,0x00,0x00,0x00,0x00,0x00,0x00,0x00,0x00,0x00,0x00,0x00,0x00,0x00,0x00,0x00,0x00,0x00,0x00,0x00,
    0x00,0x00,0x00,0x00,0x00,0x00,0x00,0x00,0x00,0x00,0x00,0x00,0x00,0x00,0x00,0x00,0x00,0x00,0x49,0x12,0x03,0x49,0x12,0x14,
    0x49,0x12,0x20,0x49,0x12,0x20,0x49,0x12,0x20,0x49,0x12,0x20,0x49,0x12,0x20,0x49,0x12,0x20,0x49,0x12,0x20,0x49,0x12,0x20,
    0x49,0x12,0x20,0x49,0x12,0x1c,0x49,0x12,0x08,0x00,0x00,0x00,0x00,0x00,0x00,0x00,0x00,0x00,0x00,0x00,0x00,0x00,0x00,0x00,
    0x49,0x12,0x0d,0x49,0x12,0x20,0x49,0x12,0x20,0x49,0x12,0x20,0x49,0x12,0x20,0x49,0x12,0x20,0x49,0x12,0x20,0x49,0x12,0x20,
    0x49,0x12,0x1c,0x49,0x12,0x08,0x00,0x00,0x00,0x00,0x00,0x00,0x00,0x00,0x00,0x00,0x00,0x00,0x00,0x00,0x00,0x00,0x00,0x00,
    0x00,0x00,0x00,0x00,0x00,0x00,0x00,0x00,0x00,0x00,0x00,0x00,0x00,0x00,0x00,0x00,0x00,0x00,0x00,0x00,0x00,0x00,0x00,0x00,
    0x00,0x00,0x00,0x00,0x00,0x00,0x00,0x00,0x00,0x00,0x00,0x00,0x00,0x00,0x00,0x00,0x00,0x00,0x00,0x00,0x00,0x49,0x12,0x0d,
    0x49,0x12,0x38,0x49,0x12,0x58,0x49,0x12,0x82,0x49,0x12,0xa0,0x49,0x12,0xb0,0x49,0x12,0xc0,0x49,0x12,0xc0,0x49,0x12,0xc0,
    0x49,0x12,0xc0,0x49,0x12,0xb0,0x49,0x12,0xa0,0x49,0x12,0x8a,0x49,0x12,0x6c,0x49,0x12,0x54,0x49,0x12,0x28,0x49,0x12,0x04,
    0x00,0x00,0x00,0x00,0x00,0x00,0x00,0x00,0x00,0x00,0x00,0x00,0x00,0x00,0x00,0x00,0x00,0x00,0x00,0x00,0x00,0x49,0x12,0x03,
    0x49,0x12,0x14,0x49,0x12,0x20,0x49,0x12,0x20,0x49,0x12,0x20,0x49,0x12,0x20,0x49,0x12,0x20,0x49,0x12,0x20,0x49,0x12,0x20,
    0x49,0x12,0x15,0x00,0x00,0x00,0x00,0x00,0x00,0x00,0x00,0x00,0x00,0x00,0x00,0x00,0x00,0x00,0x00,0x00,0x00,0x00,0x00,0x00,
    0x00,0x00,0x00,0x00,0x00,0x00,0x00,0x00,0x00,0x00,0x00,0x00,0x00,0x00,0x00,0x00,0x00,0x00,0x00,0x00,0x00,0x00,0x00,0x00,
    0x00,0x00,0x00,0x00,0x00,0x00,0x00,0x00,0x00,0x49,0x12,0x0b,0x49,0x12,0x20,0x49,0x12,0x20,0x49,0x12,0x20,0x49,0x12,0x20,
    0x49,0x12,0x20,0x49,0x12,0x20,0x49,0x12,0x20,0x49,0x12,0x20,0x49,0x12,0x0d,0x43,0xfd,0x04,0x43,0xfd,0x14,0x43,0xfd,0x20,
    0x04,0xe5,0x23,0xc7,0x8b,0x26,0x89,0x2a,0x22,0x49,0x12,0x20,0x49,0x12,0x20,0x49,0x12,0x20,0x49,0x12,0x20,0x49,0x12,0x20,
    0x49,0x12,0x20,0x49,0x12,0x20,0x49,0x12,0x20,0x49,0x12,0x20,0x49,0x12,0x20,0x49,0x12,0x20,0x49,0x12,0x20,0x49,0x12,0x20,
    0x49,0x12,0x20,0x49,0x12,0x20,0x49,0x12,0x20,0x49,0x12,0x20,0x49,0x12,0x20,0x49,0x12,0x20,0x49,0x12,0x20,0x49,0x12,0x20,
    0x49,0x12,0x20,0x49,0x12,0x20,0x49,0x12,0x20,0x49,0x12,0x20,0x49,0x12,0x14,0x49,0x12,0x03,0x00,0x00,0x00,0x00,0x00,0x00,
    0x00,0x00,0x00,0x00,0x00,0x00,0x00,0x00,0x00,0x00,0x00,0x00,
};

const lv_img_dsc_t zs_img_wordmark_pos = {
    .header.cf = LV_IMG_CF_TRUE_COLOR_ALPHA,
    .header.always_zero = 0,
    .header.reserved = 0,
    .header.w = 260,
    .header.h = 53,
    .data_size = 41340,
    .data = zs_img_wordmark_pos_map,
};
